OBJECTID,NM_MUNICIP,CD_GEOCMU,NM_ESTADO,SECAS2015,SHAPE_Length,SHAPE_Area
1,CARACARAÍ,1400209,RORAIMA,1,15.5417560834142,3.8524552977566
2,AMAJARI,1400027,RORAIMA,1,14.3636101072129,2.31792592946285
3,ALTO ALEGRE,1400050,RORAIMA,1,10.9720069628958,2.08002539041435
4,BONFIM,1400159,RORAIMA,1,5.69452514459002,0.658453029497359
5,CANTÁ,1400175,RORAIMA,1,4.3498089025814,0.623181699529177
6,IRACEMA,1400282,RORAIMA,1,8.76137795022742,1.17174534577444
7,MUCAJAÍ,1400308,RORAIMA,1,6.71145629991867,1.01331150564073
8,NORMANDIA,1400407,RORAIMA,1,4.36379358793958,0.567258263378623
9,BEQUIMÃO,2101905,MARANHÃO,1,1.30882672408314,0.0648639772660144
10,ANAPURUS,2100808,MARANHÃO,1,1.55092334830063,0.0495106701652989
11,BELA VISTA DO PIAUÍ,2201556,PIAUÍ,1,0.986450671014355,0.0409588916352114
12,BELÉM DO PIAUÍ,2201572,PIAUÍ,1,0.713530573049635,0.0199255999920239
13,BENEDITINOS,2201606,PIAUÍ,1,1.45688093556259,0.0643504207412874
14,BETÂNIA DO PIAUÍ,2201739,PIAUÍ,1,1.13304358103354,0.0463294082004624
15,ACAUÃ,2200053,PIAUÍ,1,1.75435686033565,0.105027486268111
16,ÁGUA BRANCA,2200202,PIAUÍ,1,0.444861167322149,0.00792469383847139
17,ALAGOINHA DO PIAUÍ,2200251,PIAUÍ,1,0.942054043028816,0.0436099409364662
18,ALEGRETE DO PIAUÍ,2200277,PIAUÍ,1,0.648148445975109,0.023145129782386
19,ALTO LONGÁ,2200301,PIAUÍ,1,1.8222032810423,0.141791581687253
20,ALTOS,2200400,PIAUÍ,1,1.18784819883398,0.078091426799016
21,BARRA D'ALCÂNTARA,2201176,PIAUÍ,1,0.824409622270686,0.0215333776673539
22,CONCEIÇÃO DO CANINDÉ,2202802,PIAUÍ,1,1.27440861666352,0.0681753189991077
23,CORONEL JOSÉ DIAS,2202851,PIAUÍ,1,2.43606345306786,0.157407354445623
24,BOCAINA,2201804,PIAUÍ,1,0.660850971255173,0.0219747065363885
25,CARACOL,2202505,PIAUÍ,1,2.09972220051102,0.132500045264366
26,CARIDADE DO PIAUÍ,2202554,PIAUÍ,1,0.921905942814271,0.0410919581524363
27,CASTELO DO PIAUÍ,2202604,PIAUÍ,1,2.68428129060959,0.166028242803289
28,COCAL DE TELHA,2202711,PIAUÍ,1,0.656019807965223,0.0229914817044402
29,BONFIM DO PIAUÍ,2201929,PIAUÍ,1,0.731258410127024,0.0237918486756504
30,BOQUEIRÃO DO PIAUÍ,2201945,PIAUÍ,1,0.941651340941085,0.0226784819311506
31,BRASILEIRA,2201960,PIAUÍ,1,1.90556607916418,0.0717475743583266
32,BREJO DO PIAUÍ,2201988,PIAUÍ,1,2.24554470435859,0.179248470492373
33,BURITI DOS MONTES,2202026,PIAUÍ,1,2.55683864881949,0.216307144277513
34,CABECEIRAS DO PIAUÍ,2202059,PIAUÍ,1,1.05650003393415,0.0495808721793381
35,CAJAZEIRAS DO PIAUÍ,2202075,PIAUÍ,1,1.00401935204749,0.0420739437908408
36,CALDEIRÃO GRANDE DO PIAUÍ,2202091,PIAUÍ,1,0.790955234977065,0.0405257085525386
37,CAMPINAS DO PIAUÍ,2202109,PIAUÍ,1,1.06316454269819,0.0681177301835534
38,CAMPO ALEGRE DO FIDALGO,2202117,PIAUÍ,1,1.23586268193631,0.0539880459511487
39,CAMPO GRANDE DO PIAUÍ,2202133,PIAUÍ,1,0.679970020294451,0.0255284018034413
40,CAMPO MAIOR,2202208,PIAUÍ,1,2.70866446404757,0.136618296899646
41,CANAVIEIRA,2202251,PIAUÍ,1,2.48405723892091,0.177195209951847
42,CANTO DO BURITI,2202307,PIAUÍ,1,2.92704915984608,0.355071597321795
43,CAPITÃO DE CAMPOS,2202406,PIAUÍ,1,1.2877021853585,0.0482542892331438
44,CAPITÃO GERVÁSIO OLIVEIRA,2202455,PIAUÍ,1,1.60660765263934,0.0931448766230992
45,ANÍSIO DE ABREU,2200707,PIAUÍ,1,0.880389297735538,0.0277987190105821
46,AROEIRAS DO ITAIM,2200954,PIAUÍ,1,0.636619780537787,0.0210556695262379
47,ARRAIAL,2201002,PIAUÍ,1,1.31545795736538,0.0558305549544942
48,ASSUNÇÃO DO PIAUÍ,2201051,PIAUÍ,1,1.58431652728326,0.138063516259457
49,AVELINO LOPES,2201101,PIAUÍ,1,1.60457013006106,0.107708996592453
50,CRISTINO CASTRO,2203107,PIAUÍ,1,1.87502238984144,0.151717909227122
51,CURIMATÁ,2203206,PIAUÍ,1,2.30007478135762,0.192720561599008
52,CURRALINHOS,2203255,PIAUÍ,1,0.846391874254975,0.0282288956327703
53,CURRAL NOVO DO PIAUÍ,2203271,PIAUÍ,1,1.30725651340411,0.0616867957387546
54,DEMERVAL LOBÃO,2203305,PIAUÍ,1,0.551261375345213,0.0176882367371053
55,DIRCEU ARCOVERDE,2203354,PIAUÍ,1,1.45867923438075,0.0837050074662798
56,COIVARAS,2202737,PIAUÍ,1,0.948539461416628,0.0395954856261575
57,COLÔNIA DO GURGUÉIA,2202752,PIAUÍ,1,1.06492505095757,0.0353327657392387
58,COLÔNIA DO PIAUÍ,2202778,PIAUÍ,1,1.26943167392942,0.0776191115183572
59,LAGOA DO BARRO DO PIAUÍ,2205565,PIAUÍ,1,1.87362969246972,0.103648403978869
60,LAGOA DE SÃO FRANCISCO,2205573,PIAUÍ,1,0.646613794147584,0.0126800008681232
61,DOMINGOS MOURÃO,2203420,PIAUÍ,1,1.47659152603783,0.0689829791875702
62,DOM INOCÊNCIO,2203453,PIAUÍ,1,2.99808598559293,0.318162207794844
63,ELESBÃO VELOSO,2203503,PIAUÍ,1,1.86195725134659,0.109790475778384
64,ELISEU MARTINS,2203602,PIAUÍ,1,1.54968493824393,0.0894374759293357
65,ESPERANTINA,2203701,PIAUÍ,1,1.6900392444294,0.0741888713244933
66,FARTURA DO PIAUÍ,2203750,PIAUÍ,1,1.15306446822516,0.0586981380247803
67,FLORES DO PIAUÍ,2203800,PIAUÍ,1,1.58623885406804,0.0775892488784003
68,FLORESTA DO PIAUÍ,2203859,PIAUÍ,1,0.571932620952596,0.0159493051393603
69,JAICÓS,2205201,PIAUÍ,1,1.39747557255433,0.0708584227923085
70,JATOBÁ DO PIAUÍ,2205276,PIAUÍ,1,1.29834252003897,0.0532535253120271
71,FRANCINÓPOLIS,2204006,PIAUÍ,1,0.692838659015628,0.0219643922029591
72,FRANCISCO AYRES,2204105,PIAUÍ,1,0.949141237551442,0.053686149093018
73,FRANCISCO MACEDO,2204154,PIAUÍ,1,0.453363488539515,0.0127161322708029
74,FRANCISCO SANTOS,2204204,PIAUÍ,1,1.19558764460578,0.040253254448323
75,FRONTEIRAS,2204303,PIAUÍ,1,1.26129259677807,0.0634874243116693
76,GEMINIANO,2204352,PIAUÍ,1,0.933876491729598,0.0373050702581917
77,GUADALUPE,2204501,PIAUÍ,1,1.40280572626339,0.0837356962695481
78,GUARIBAS,2204550,PIAUÍ,1,2.10756699181048,0.25644985281459
79,IPIRANGA DO PIAUÍ,2204808,PIAUÍ,1,1.08471673197985,0.0433086655292487
80,ISAÍAS COELHO,2204907,PIAUÍ,1,1.44900783110177,0.0635990570675946
81,ITAINÓPOLIS,2205003,PIAUÍ,1,1.13724418960448,0.0678312584708135
82,ITAUEIRA,2205102,PIAUÍ,1,2.03886055792329,0.209251682397327
83,JACOBINA DO PIAUÍ,2205151,PIAUÍ,1,1.80838240111809,0.112394350072403
84,JUREMA,2205532,PIAUÍ,1,2.01265338334506,0.104587069027105
85,NAZARÉ DO PIAUÍ,2206704,PIAUÍ,1,1.94808550994215,0.107695363621223
86,NAZÁRIA,2206720,PIAUÍ,1,0.847487631893619,0.0296686380941873
87,NOSSA SENHORA DE NAZARÉ,2206753,PIAUÍ,1,1.27657535258614,0.0290359921927034
88,LAGOA DO PIAUÍ,2205581,PIAUÍ,1,0.937166564859192,0.0348140419704788
89,LAGOA DO SÍTIO,2205599,PIAUÍ,1,1.41101301554773,0.0657847884528282
90,MIGUEL LEÃO,2206308,PIAUÍ,1,0.783754021769011,0.00763405021157117
91,MILTON BRANDÃO,2206357,PIAUÍ,1,1.39583733183984,0.111808494434124
92,MONSENHOR GIL,2206407,PIAUÍ,1,0.993651951038888,0.0464207432776934
93,LANDRI SALES,2205607,PIAUÍ,2,1.56770618879912,0.0891407962644029
94,MARCOLÂNDIA,2205953,PIAUÍ,1,0.478428354829415,0.0117849399896898
95,MASSAPÊ DO PIAUÍ,2206050,PIAUÍ,1,0.934948614044023,0.0426956029396792
96,JOÃO COSTA,2205359,PIAUÍ,1,1.79220730059627,0.147856090644338
97,JUAZEIRO DO PIAUÍ,2205516,PIAUÍ,1,1.37975519338832,0.0674543419367191
98,JÚLIO BORGES,2205524,PIAUÍ,1,1.36815412700962,0.107100264453255
99,PADRE MARCOS,2207207,PIAUÍ,1,0.831050933628215,0.0222798464353162
100,MONSENHOR HIPÓLITO,2206506,PIAUÍ,1,0.938966398462007,0.0328456609037298
101,MORRO CABEÇA NO TEMPO,2206654,PIAUÍ,1,2.43628858902714,0.174466057368842
102,MORRO DO CHAPÉU DO PIAUÍ,2206670,PIAUÍ,1,0.90097127378132,0.0267249028677725
103,SÃO JOÃO DA CANABRAVA,2209856,PIAUÍ,1,0.992066302268025,0.0392789397225055
104,SÃO JOÃO DA FRONTEIRA,2209872,PIAUÍ,1,1.66442212564261,0.0622877144472037
105,SÃO JOÃO DA SERRA,2209906,PIAUÍ,1,1.50237440056695,0.0821415955368492
106,SÃO JOÃO DA VARJOTA,2209955,PIAUÍ,1,0.906944486706101,0.0323468525379859
107,NOSSA SENHORA DOS REMÉDIOS,2206803,PIAUÍ,1,0.739424720626165,0.0291946557406201
108,NOVO ORIENTE DO PIAUÍ,2206902,PIAUÍ,1,1.27572775086194,0.0429481246918725
109,NOVO SANTO ANTÔNIO,2206951,PIAUÍ,1,0.972409835506974,0.0392967801713018
110,OEIRAS,2207009,PIAUÍ,1,3.33632792782372,0.221141787895621
111,PAES LANDIM,2207306,PIAUÍ,1,0.817627985326882,0.0329059099822005
112,PAJEÚ DO PIAUÍ,2207355,PIAUÍ,1,1.41143426011781,0.0884961208543736
113,PALMEIRAIS,2207504,PIAUÍ,1,1.87745262840925,0.122422442632667
114,RIBEIRA DO PIAUÍ,2208874,PIAUÍ,1,2.01315340877901,0.0823510838553595
115,RIO GRANDE DO PIAUÍ,2209005,PIAUÍ,1,1.0161291296353,0.0521314573950581
116,SANTA CRUZ DO PIAUÍ,2209104,PIAUÍ,1,1.34154230985709,0.050076392589597
117,PAQUETÁ,2207553,PIAUÍ,1,0.974114146739271,0.0367018203557598
118,PARNAGUÁ,2207603,PIAUÍ,1,2.82826456169991,0.283054013901425
119,PATOS DO PIAUÍ,2207777,PIAUÍ,1,1.32346438528534,0.0615960286021222
120,PAU D'ARCO DO PIAUÍ,2207793,PIAUÍ,1,0.989971116351586,0.0351434698257795
121,PAULISTANA,2207801,PIAUÍ,1,2.66326130392618,0.161614003780708
122,PAVUSSU,2207850,PIAUÍ,1,1.39317613478509,0.0894505549307399
123,PEDRO II,2207900,PIAUÍ,1,2.64015853433208,0.123711802110584
124,PEDRO LAURENTINO,2207934,PIAUÍ,1,1.32595781653652,0.0713959579357183
125,NOVA SANTA RITA,2207959,PIAUÍ,1,1.23635694728708,0.0746356791472551
126,PICOS,2208007,PIAUÍ,1,1.29047825318038,0.0472495408589399
127,PIMENTEIRAS,2208106,PIAUÍ,1,3.38149782011098,0.372931943550499
128,PIO IX,2208205,PIAUÍ,1,2.23732217349841,0.159283314544965
129,PIRACURUCA,2208304,PIAUÍ,1,2.60231246262353,0.193812807935908
130,PIRIPIRI,2208403,PIAUÍ,1,2.01501136879712,0.114782524214024
131,QUEIMADA NOVA,2208650,PIAUÍ,1,1.71169864375529,0.111062761787877
132,REDENÇÃO DO GURGUÉIA,2208700,PIAUÍ,1,2.35645151830788,0.203243345341754
133,SANTO INÁCIO DO PIAUÍ,2209500,PIAUÍ,1,1.25767542509763,0.0698640381879602
134,SÃO BRAZ DO PIAUÍ,2209559,PIAUÍ,1,1.22522363638738,0.0539658550768913
135,SÃO FÉLIX DO PIAUÍ,2209609,PIAUÍ,1,1.17298807722688,0.0511766429883746
136,SÃO FRANCISCO DE ASSIS DO PIAUÍ,2209658,PIAUÍ,1,1.59667411702003,0.0902939759582963
137,SÃO JOÃO DO PIAUÍ,2210003,PIAUÍ,1,2.43147898481954,0.125394322156039
138,SÃO JOSÉ DO PEIXE,2210102,PIAUÍ,1,2.08221368725529,0.105443947285833
139,UNIÃO,2211100,PIAUÍ,1,1.83202934967013,0.0956302964390207
140,VALENÇA DO PIAUÍ,2211308,PIAUÍ,1,1.83722228230601,0.109080420547444
141,VÁRZEA BRANCA,2211357,PIAUÍ,1,1.19607848603017,0.0370968613722149
142,VÁRZEA GRANDE,2211407,PIAUÍ,1,0.613838762943692,0.0193784591991169
143,SÃO JOSÉ DO PIAUÍ,2210201,PIAUÍ,1,0.837828068534595,0.0298535787991515
144,SÃO JULIÃO,2210300,PIAUÍ,1,0.742773483248911,0.021050526355442
145,SÃO LOURENÇO DO PIAUÍ,2210359,PIAUÍ,1,1.47753449251144,0.0553402435882028
146,SÃO LUIS DO PIAUÍ,2210375,PIAUÍ,1,0.621038704968395,0.0180257383055133
147,SÃO MIGUEL DO FIDALGO,2210391,PIAUÍ,1,1.2769743534132,0.0666542302295638
148,SÃO MIGUEL DO TAPUIO,2210409,PIAUÍ,1,4.10923321716288,0.425100636182703
149,SÃO RAIMUNDO NONATO,2210607,PIAUÍ,1,2.89963965513172,0.198609972507856
150,SIGEFREDO PACHECO,2210656,PIAUÍ,1,1.36102350273049,0.0788495698122914
151,SIMÕES,2210706,PIAUÍ,1,1.82931733039861,0.0878182821145552
152,SIMPLÍCIO MENDES,2210805,PIAUÍ,1,2.11303338761715,0.110328610297277
153,SOCORRO DO PIAUÍ,2210904,PIAUÍ,1,1.42669904296175,0.0624722802859681
154,SUSSUAPARA,2210938,PIAUÍ,1,0.707412358615144,0.0165934641007345
155,TAMBORIL DO PIAUÍ,2210953,PIAUÍ,1,1.68859997885409,0.130347000430616
156,TANQUE DO PIAUÍ,2210979,PIAUÍ,1,0.882152969584317,0.032607204761742
157,SANTA LUZ,2209302,PIAUÍ,1,1.78697289411224,0.0975883270602218
158,SANTANA DO PIAUÍ,2209351,PIAUÍ,1,0.617910771016128,0.00908770558135412
159,SANTO ANTÔNIO DE LISBOA,2209401,PIAUÍ,1,1.14546026465573,0.0316965597116171
160,BANABUIÚ,2301851,CEARÁ,2,1.87490951924381,0.088129183383655
161,BARREIRA,2301950,CEARÁ,2,0.592938688462728,0.0200250521346519
162,BARRO,2302008,CEARÁ,2,1.17363076893059,0.0582725012782465
163,BARROQUINHA,2302057,CEARÁ,2,0.911244871562127,0.0311889726973016
164,BATURITÉ,2302107,CEARÁ,1,1.36729556657293,0.0251406969983097
165,BEBERIBE,2302206,CEARÁ,2,1.98457631023134,0.132305126617028
166,BELA CRUZ,2302305,CEARÁ,2,1.3977132150104,0.0685823997360764
167,BOA VIAGEM,2302404,CEARÁ,2,2.93961303284594,0.231351612761261
168,BREJO SANTO,2302503,CEARÁ,2,1.41989304267049,0.054357328739383
169,VERA MENDES,2211506,PIAUÍ,1,0.735831117255155,0.0280217992086123
170,ABAIARA,2300101,CEARÁ,1,0.53217671401657,0.0146457638467556
171,ACARAÚ,2300200,CEARÁ,1,2.06691184838698,0.0685401906473317
172,ACOPIARA,2300309,CEARÁ,2,2.96731549048926,0.185066488862013
173,AIUABA,2300408,CEARÁ,2,2.56207341641338,0.199061274914805
174,ALCÂNTARAS,2300507,CEARÁ,1,0.606221483956111,0.0112819464659728
175,ALTO SANTO,2300705,CEARÁ,2,1.8352086008481,0.109209665055192
176,AMONTADA,2300754,CEARÁ,2,1.68392178414315,0.0959356737321809
177,ANTONINA DO NORTE,2300804,CEARÁ,2,0.971860662956172,0.0212748367862151
178,APUIARÉS,2300903,CEARÁ,2,1.12683806139977,0.0443927678610921
179,AQUIRAZ,2301000,CEARÁ,1,0.994998821740072,0.0392810068318359
180,ARACATI,2301109,CEARÁ,2,2.17907812115652,0.100093354575714
181,ARACOIABA,2301208,CEARÁ,2,1.63772989672486,0.0535020759268828
182,ARARENDÁ,2301257,CEARÁ,2,0.836915105473712,0.0280522771232106
183,ARARIPE,2301307,CEARÁ,2,1.33907920052502,0.0900585392502009
184,ARATUBA,2301406,CEARÁ,2,0.643125578692312,0.00935230947210038
185,ARNEIROZ,2301505,CEARÁ,2,1.60441793721664,0.0871353226944599
186,ASSARÉ,2301604,CEARÁ,2,1.92344371893598,0.0913385124059479
187,AURORA,2301703,CEARÁ,2,1.39830465901814,0.0724904466382271
188,BAIXIO,2301802,CEARÁ,2,0.567106818168123,0.0119762898055822
189,CAMOCIM,2302602,CEARÁ,1,1.82523855702066,0.0914955374040714
190,CAMPOS SALES,2302701,CEARÁ,2,1.59468251002494,0.0885966107947479
191,CANINDÉ,2302800,CEARÁ,2,3.72214968441652,0.262224577136782
192,CAPISTRANO,2302909,CEARÁ,2,0.844583810930964,0.0181338117423087
193,CARIDADE,2303006,CEARÁ,2,1.652645668102,0.0689494391843647
194,CARIRÉ,2303105,CEARÁ,2,1.19144423589451,0.0616318393826432
195,CARIRIAÇU,2303204,CEARÁ,2,1.33533369878726,0.0510315076828962
196,CARIÚS,2303303,CEARÁ,2,1.92813324718631,0.0868298959061653
197,CARNAUBAL,2303402,CEARÁ,2,0.74238235586787,0.0297121154967023
198,CASCAVEL,2303501,CEARÁ,2,1.44213480456023,0.0680174534431032
199,CATARINA,2303600,CEARÁ,2,1.2042867442334,0.0397837669725138
200,CATUNDA,2303659,CEARÁ,2,1.55584891493646,0.0644423951398894
201,CAUCAIA,2303709,CEARÁ,2,1.52420558877264,0.100017311420464
202,CEDRO,2303808,CEARÁ,2,1.23963218422495,0.0593438796485362
203,CHAVAL,2303907,CEARÁ,2,0.715889903678536,0.0193817653458351
204,CHORÓ,2303931,CEARÁ,2,1.72868103432112,0.0664983445716937
205,IBARETAMA,2305266,CEARÁ,2,1.58500400101784,0.0715109376925776
206,IBIAPINA,2305308,CEARÁ,2,1.308534130336,0.0337882975257746
207,IBICUITINGA,2305332,CEARÁ,2,1.01888487913143,0.0345928757286747
208,ICÓ,2305407,CEARÁ,2,2.41245517126167,0.153008034530626
209,IGUATU,2305506,CEARÁ,2,1.58085290080843,0.084117786054023
210,INDEPENDÊNCIA,2305605,CEARÁ,2,2.72780583820735,0.262655916416394
211,IPAPORANGA,2305654,CEARÁ,2,1.50216782025352,0.0572452937426934
212,IPAUMIRIM,2305704,CEARÁ,2,0.9765062784177,0.0223996816002156
213,IPU,2305803,CEARÁ,2,1.49531094791424,0.0512711710888971
214,IPUEIRAS,2305902,CEARÁ,1,1.94056784643213,0.120398950009143
215,IRACEMA,2306009,CEARÁ,2,1.52204606460801,0.0670503154269594
216,IRAUÇUBA,2306108,CEARÁ,2,2.15043829092083,0.118977728427489
217,CHOROZINHO,2303956,CEARÁ,1,0.67921768272104,0.0226807103526961
218,COREAÚ,2304004,CEARÁ,1,1.55419108463938,0.0631505753129434
219,CRATEÚS,2304103,CEARÁ,2,2.53591553457483,0.24349269334028
220,CROATÁ,2304236,CEARÁ,2,1.18757432464022,0.0567872295063935
221,DEPUTADO IRAPUAN PINHEIRO,2304269,CEARÁ,2,1.01747712452339,0.0384149496414917
222,ERERÊ,2304277,CEARÁ,1,0.923591091197553,0.0312571612784293
223,FARIAS BRITO,2304301,CEARÁ,2,1.46330829522593,0.0412064616453788
224,FORQUILHA,2304350,CEARÁ,2,1.11720847314252,0.0420926546934185
225,FORTIM,2304459,CEARÁ,2,0.868405200590031,0.0227142144739197
226,FRECHEIRINHA,2304509,CEARÁ,1,0.542992217699003,0.0147543035626434
227,GENERAL SAMPAIO,2304608,CEARÁ,2,0.625174680447331,0.0167612215632981
228,GRAÇA,2304657,CEARÁ,2,0.701473438837466,0.0229552876545681
229,GRANJA,2304707,CEARÁ,2,3.32716548842997,0.216683547557669
230,GROAÍRAS,2304905,CEARÁ,2,0.606583013018476,0.0126979959640764
231,GUARACIABA DO NORTE,2305001,CEARÁ,2,1.48220907523203,0.0498066134744098
232,HIDROLÂNDIA,2305209,CEARÁ,2,1.51193960281775,0.0787777912504844
233,ITAPIÚNA,2306504,CEARÁ,2,1.39446683127446,0.0479770757290976
234,ITATIRA,2306603,CEARÁ,2,1.52550597575626,0.063849034830905
235,JAGUARETAMA,2306702,CEARÁ,2,1.76886506022847,0.143576083656294
236,JAGUARIBARA,2306801,CEARÁ,2,1.46923135978345,0.0545841930230422
237,JAGUARIBE,2306900,CEARÁ,2,2.53570176040885,0.1532808956073
238,JAGUARUANA,2307007,CEARÁ,2,1.16455184359094,0.0707296397424466
239,VILA NOVA DO PIAUÍ,2211605,PIAUÍ,1,0.541331239583788,0.0178734250388731
240,WALL FERRAZ,2211704,PIAUÍ,1,0.683592308211787,0.0221069247475247
241,MAURITI,2308104,CEARÁ,2,1.34358107147674,0.0859580338175726
242,MERUOCA,2308203,CEARÁ,2,0.622185932574001,0.0121967194322443
243,MILAGRES,2308302,CEARÁ,2,1.24387842527534,0.0496574032163263
244,MILHÃ,2308351,CEARÁ,2,1.04677690978386,0.0410037157968726
245,MIRAÍMA,2308377,CEARÁ,2,1.35579111968306,0.0569724410565252
246,MISSÃO VELHA,2308401,CEARÁ,2,1.1975235679824,0.0528760287190236
247,MOMBAÇA,2308500,CEARÁ,2,2.87943074978788,0.173047654208203
248,MONSENHOR TABOSA,2308609,CEARÁ,2,1.63553543140666,0.0722488034938118
249,MORADA NOVA,2308708,CEARÁ,2,3.73001820904629,0.226642345816494
250,MORRINHOS,2308906,CEARÁ,2,1.10779171549216,0.0338144474606972
251,MUCAMBO,2309003,CEARÁ,2,0.942253226962278,0.0155195164090306
252,MULUNGU,2309102,CEARÁ,2,0.765142884782068,0.0109625513749022
253,SALITRE,2311959,CEARÁ,1,1.47318426185792,0.0658529857605094
254,SANTANA DO ACARAÚ,2312007,CEARÁ,2,1.43992580903397,0.0788891508664075
255,SANTANA DO CARIRI,2312106,CEARÁ,2,1.38660516061761,0.0700478960306924
256,SANTA QUITÉRIA,2312205,CEARÁ,2,3.85690930243582,0.34709623807388
257,SÃO BENEDITO,2312304,CEARÁ,2,1.28062499063769,0.0275459532261157
258,SÃO GONÇALO DO AMARANTE,2312403,CEARÁ,2,1.62069832778017,0.0679209485015639
259,SÃO JOÃO DO JAGUARIBE,2312502,CEARÁ,2,0.765601236477595,0.0228804985645304
260,SÃO LUÍS DO CURU,2312601,CEARÁ,2,0.46754847998385,0.00996508597039881
261,SENADOR POMPEU,2312700,CEARÁ,2,1.8664109843331,0.0817914390813649
262,SOBRAL,2312908,CEARÁ,2,3.99654326075704,0.17283804770806
263,SOLONÓPOLE,2313005,CEARÁ,2,1.97251801594578,0.125420684557945
264,TABULEIRO DO NORTE,2313104,CEARÁ,2,1.37682586152077,0.0703111874037605
265,TAMBORIL,2313203,CEARÁ,2,2.42079927442935,0.159914643396433
266,TARRAFAS,2313252,CEARÁ,2,1.10496052151711,0.0371647517387636
267,TAUÁ,2313302,CEARÁ,2,4.43724267382101,0.328152885549333
268,TEJUÇUOCA,2313351,CEARÁ,2,1.22620143655671,0.0618616673210556
269,TURURU,2313559,CEARÁ,1,0.970265452114898,0.0164639021717368
270,UBAJARA,2313609,CEARÁ,2,1.23498759457341,0.0342810514016163
271,UMARI,2313708,CEARÁ,2,0.874759041232626,0.0215821073730799
272,UMIRIM,2313757,CEARÁ,2,0.931818267515754,0.0257829442421301
273,NOVA OLINDA,2309201,CEARÁ,2,0.699703311443495,0.0232784439048609
274,NOVA RUSSAS,2309300,CEARÁ,2,1.12495854017296,0.0605392519896211
275,NOVO ORIENTE,2309409,CEARÁ,2,1.70017810798983,0.0774884553830327
276,OCARA,2309458,CEARÁ,2,1.11219813040459,0.0623723744533726
277,ORÓS,2309508,CEARÁ,2,1.27923138144326,0.0470885758143945
278,PACAJUS,2309607,CEARÁ,2,0.628852151691327,0.0207406863934973
279,PACATUBA,2309706,CEARÁ,2,0.617377946471721,0.0107481801200847
280,PACUJÁ,2309904,CEARÁ,2,0.403753845300818,0.0061993950610507
281,PALHANO,2310001,CEARÁ,2,1.00414530933059,0.0358948735355303
282,PALMÁCIA,2310100,CEARÁ,2,0.70519764634341,0.00959553478866738
283,PARAMBU,2310308,CEARÁ,2,2.54504451405699,0.188251400690446
284,PARAMOTI,2310407,CEARÁ,2,1.1357524785152,0.0393070188682945
285,PEDRA BRANCA,2310506,CEARÁ,2,2.30102990537737,0.106356344300398
286,PENAFORTE,2310605,CEARÁ,2,0.660989223197676,0.0122731250004251
287,PENTECOSTE,2310704,CEARÁ,2,1.89974406744776,0.112218377900054
288,PEREIRO,2310803,CEARÁ,2,1.8463419701163,0.0354105393683007
289,PINDORETAMA,2310852,CEARÁ,2,0.371977417472682,0.00611936188293935
290,PIQUET CARNEIRO,2310902,CEARÁ,2,1.10805011545656,0.0480042949286382
291,PIRES FERREIRA,2310951,CEARÁ,1,0.75971626210777,0.0198028607745601
292,PORTEIRAS,2311108,CEARÁ,2,0.558813038525211,0.0178266005913443
293,POTENGI,2311207,CEARÁ,2,0.832041914824669,0.0277238251285661
294,POTIRETAMA,2311231,CEARÁ,2,0.996298825887307,0.0335003326732602
295,QUITERIANÓPOLIS,2311264,CEARÁ,2,1.71665628208329,0.0850054242828042
296,QUIXADÁ,2311306,CEARÁ,2,2.88171376358784,0.164691907732508
297,QUIXELÔ,2311355,CEARÁ,2,1.26055454634473,0.0457171835795198
298,QUIXERAMOBIM,2311405,CEARÁ,2,3.15529295352153,0.267204676140091
299,QUIXERÉ,2311504,CEARÁ,2,1.10117973153614,0.0500396044980019
300,REDENÇÃO,2311603,CEARÁ,2,0.863517534949221,0.0183531461261222
301,RERIUTABA,2311702,CEARÁ,2,0.834951458042981,0.0312196270832676
302,SABOEIRO,2311900,CEARÁ,2,2.34836046411305,0.113100133121664
303,AUGUSTO SEVERO,2401305,RIO GRANDE DO NORTE,1,1.3985699749158,0.0732450553159299
304,BARAÚNA,2401453,RIO GRANDE DO NORTE,1,1.17026277129014,0.0673372584036265
305,URUBURETAMA,2313807,CEARÁ,1,0.437749202396456,0.00790157909002404
306,URUOCA,2313906,CEARÁ,2,1.49624145379799,0.0566979638752864
307,VARJOTA,2313955,CEARÁ,2,0.640133168590285,0.014612143198953
308,VÁRZEA ALEGRE,2314003,CEARÁ,2,1.65270181823212,0.0683581164876001
309,VIÇOSA DO CEARÁ,2314102,CEARÁ,2,1.55642670591267,0.106756985272158
310,ACARI,2400109,RIO GRANDE DO NORTE,1,1.08468860010661,0.0497349708981392
311,AÇU,2400208,RIO GRANDE DO NORTE,1,1.61542836157337,0.106375163531842
312,AFONSO BEZERRA,2400307,RIO GRANDE DO NORTE,1,1.20442485608146,0.0470178259235191
313,ÁGUA NOVA,2400406,RIO GRANDE DO NORTE,1,0.269754901264382,0.00414121184232678
314,ALEXANDRIA,2400505,RIO GRANDE DO NORTE,1,1.07023906257537,0.0311564380246739
315,ALMINO AFONSO,2400604,RIO GRANDE DO NORTE,1,0.599159149259398,0.0104605194228474
316,JARDIM,2307106,CEARÁ,2,0.947275188274515,0.0452661141305923
317,JATI,2307205,CEARÁ,2,0.898368029367354,0.0289559593338399
318,JIJOCA DE JERICOACOARA,2307254,CEARÁ,1,0.639481376581824,0.0166580072782436
319,JUCÁS,2307403,CEARÁ,2,1.55163558770758,0.0766114381344181
320,LAVRAS DA MANGABEIRA,2307502,CEARÁ,2,1.47750218901482,0.0775415868522525
321,LIMOEIRO DO NORTE,2307601,CEARÁ,2,1.45830446592373,0.0611773639463839
322,MADALENA,2307635,CEARÁ,2,1.77650804088235,0.0843566134384158
323,MARCO,2307809,CEARÁ,1,1.54652065017823,0.046713979260072
324,ALTO DO RODRIGUES,2400703,RIO GRANDE DO NORTE,1,0.744948489595301,0.0156107552654478
325,ANGICOS,2400802,RIO GRANDE DO NORTE,1,1.35526330877515,0.0605338615595533
326,ANTÔNIO MARTINS,2400901,RIO GRANDE DO NORTE,1,0.963428951127652,0.0200103186461274
327,APODI,2401008,RIO GRANDE DO NORTE,1,2.0943772332796,0.130802895760888
328,AREIA BRANCA,2401107,RIO GRANDE DO NORTE,1,1.05509930982966,0.0291617514108871
329,BARCELONA,2401503,RIO GRANDE DO NORTE,1,0.657050670617107,0.0124648999009491
330,BENTO FERNANDES,2401602,RIO GRANDE DO NORTE,1,0.851244404293744,0.0245762740331513
331,CARNAUBAIS,2402501,RIO GRANDE DO NORTE,1,1.083474476734,0.0442570395094009
332,CEARÁ-MIRIM,2402600,RIO GRANDE DO NORTE,1,1.1200152087353,0.059123556974972
333,CERRO CORÁ,2402709,RIO GRANDE DO NORTE,1,0.922239040905676,0.0321448302443923
334,CORONEL EZEQUIEL,2402808,RIO GRANDE DO NORTE,1,0.550060202090697,0.0151811283695801
335,BODÓ,2401651,RIO GRANDE DO NORTE,1,0.763529354481736,0.0207052370060477
336,BOM JESUS,2401701,RIO GRANDE DO NORTE,1,0.392899505532202,0.00996729119273418
337,BREJINHO,2401800,RIO GRANDE DO NORTE,1,0.336884040139678,0.00502996107292656
338,CAIÇARA DO NORTE,2401859,RIO GRANDE DO NORTE,1,0.688811239578763,0.0154617421168657
339,CAIÇARA DO RIO DO VENTO,2401909,RIO GRANDE DO NORTE,1,0.714274960404284,0.021324781275028
340,CAICÓ,2402006,RIO GRANDE DO NORTE,1,1.67722817400202,0.100433600763747
341,CAMPO REDONDO,2402105,RIO GRANDE DO NORTE,1,0.580737656418019,0.0174640086507842
342,CARAÚBAS,2402303,RIO GRANDE DO NORTE,1,1.26991126671339,0.0893998599100048
343,CARNAÚBA DOS DANTAS,2402402,RIO GRANDE DO NORTE,1,0.725395805261289,0.0201383793130434
344,EQUADOR,2403400,RIO GRANDE DO NORTE,1,0.697934528759344,0.0216797173307944
345,ESPÍRITO SANTO,2403509,RIO GRANDE DO NORTE,1,0.500642669830249,0.0111010349958176
346,FELIPE GUERRA,2403707,RIO GRANDE DO NORTE,1,0.598759844270425,0.021920298749061
347,FERNANDO PEDROZA,2403756,RIO GRANDE DO NORTE,1,0.849509398592185,0.0263395401828654
348,FLORÂNIA,2403806,RIO GRANDE DO NORTE,1,1.17576957809032,0.0412427523085662
349,FRANCISCO DANTAS,2403905,RIO GRANDE DO NORTE,1,0.670246921906369,0.0148304131133543
350,IPUEIRA,2404804,RIO GRANDE DO NORTE,1,0.535226758826071,0.0104166489819594
351,ITAJÁ,2404853,RIO GRANDE DO NORTE,1,0.609350261342842,0.0166224704973568
352,ITAÚ,2404903,RIO GRANDE DO NORTE,1,0.646854006888451,0.0108620871710709
353,FRUTUOSO GOMES,2404002,RIO GRANDE DO NORTE,1,0.400388690095609,0.00516982661568073
354,GALINHOS,2404101,RIO GRANDE DO NORTE,1,0.747113695353001,0.0279106983672195
355,GOVERNADOR DIX-SEPT ROSADO,2404309,RIO GRANDE DO NORTE,1,1.51551233024722,0.0921605795113958
356,GROSSOS,2404408,RIO GRANDE DO NORTE,1,0.540143556597764,0.0103106382123475
357,GUAMARÉ,2404507,RIO GRANDE DO NORTE,1,0.60887574266986,0.0211213709349007
358,IELMO MARINHO,2404606,RIO GRANDE DO NORTE,1,0.665950719870141,0.0254755570255682
359,IPANGUAÇU,2404705,RIO GRANDE DO NORTE,1,0.748789722904009,0.0305429600361138
360,CORONEL JOÃO PESSOA,2402907,RIO GRANDE DO NORTE,1,0.472871680915052,0.00957208371375256
361,CRUZETA,2403004,RIO GRANDE DO NORTE,1,0.799034225268216,0.0241782074509164
362,CURRAIS NOVOS,2403103,RIO GRANDE DO NORTE,1,1.54119498405376,0.0706257731749966
363,DOUTOR SEVERIANO,2403202,RIO GRANDE DO NORTE,1,0.469675694711776,0.00929155148570845
364,ENCANTO,2403301,RIO GRANDE DO NORTE,1,0.4520724915455,0.0102731835887615
365,JARDIM DE PIRANHAS,2405603,RIO GRANDE DO NORTE,1,0.944971551138668,0.0270129642108233
366,JARDIM DO SERIDÓ,2405702,RIO GRANDE DO NORTE,1,0.845420241412851,0.030060986122591
367,JOÃO CÂMARA,2405801,RIO GRANDE DO NORTE,1,1.14459546035282,0.058343340463231
368,JOÃO DIAS,2405900,RIO GRANDE DO NORTE,1,0.430870062280231,0.00720543252410864
369,JOSÉ DA PENHA,2406007,RIO GRANDE DO NORTE,1,0.461793900787882,0.00961398346157337
370,JAÇANÃ,2405009,RIO GRANDE DO NORTE,1,0.475168539825396,0.0044598998608862
371,JANDAÍRA,2405108,RIO GRANDE DO NORTE,1,0.861601933447655,0.0355679585397419
372,JANDUÍS,2405207,RIO GRANDE DO NORTE,1,0.750318037610661,0.0249029235071622
373,JANUÁRIO CICCO,2405306,RIO GRANDE DO NORTE,1,0.655237685520279,0.0152864491659377
374,JAPI,2405405,RIO GRANDE DO NORTE,1,0.607366552214697,0.0154482729439342
375,JARDIM DE ANGICOS,2405504,RIO GRANDE DO NORTE,1,0.642232140732641,0.0207356912039703
376,JUCURUTU,2406106,RIO GRANDE DO NORTE,1,1.52545205267021,0.076271922814372
377,JUNDIÁ,2406155,RIO GRANDE DO NORTE,1,0.313525409378474,0.00364781268997465
378,LAGOA D'ANTA,2406205,RIO GRANDE DO NORTE,1,0.44879394785239,0.008635421321429
379,LAGOA DE PEDRAS,2406304,RIO GRANDE DO NORTE,1,0.485883309121903,0.00963876522573248
380,LAGOA DE VELHOS,2406403,RIO GRANDE DO NORTE,1,0.391782130514147,0.00921708897593536
381,LAGOA NOVA,2406502,RIO GRANDE DO NORTE,1,0.878000196291518,0.0144021289394256
382,MONTANHAS,2407708,RIO GRANDE DO NORTE,1,0.355047206615356,0.00672129025694473
383,MONTE ALEGRE,2407807,RIO GRANDE DO NORTE,1,0.734744568606711,0.017230000720677
384,MONTE DAS GAMELEIRAS,2407906,RIO GRANDE DO NORTE,1,0.327095691907658,0.00588098734935028
385,MOSSORÓ,2408003,RIO GRANDE DO NORTE,1,2.00916029239126,0.17123360522798
386,NOVA CRUZ,2408300,RIO GRANDE DO NORTE,1,0.818634971047211,0.0226969920635641
387,LAGOA SALGADA,2406601,RIO GRANDE DO NORTE,1,0.372919169122491,0.00646451893547437
388,LAJES,2406700,RIO GRANDE DO NORTE,1,1.33533448054801,0.0552357614682391
389,LAJES PINTADAS,2406809,RIO GRANDE DO NORTE,1,0.479096460896969,0.0106379416205659
390,LUCRÉCIA,2406908,RIO GRANDE DO NORTE,1,0.313720067204794,0.00252682025668692
391,LUÍS GOMES,2407005,RIO GRANDE DO NORTE,1,0.597622697529971,0.0136197818061522
392,MACAÍBA,2407104,RIO GRANDE DO NORTE,1,0.905665143687488,0.0417121114544208
393,MACAU,2407203,RIO GRANDE DO NORTE,1,1.42770517053613,0.0642766959558962
394,MAJOR SALES,2407252,RIO GRANDE DO NORTE,1,0.247639920366909,0.00261319735504354
395,MARCELINO VIEIRA,2407302,RIO GRANDE DO NORTE,1,0.709598205756494,0.0282508076732732
396,MARTINS,2407401,RIO GRANDE DO NORTE,1,0.785282716340518,0.0138431864536241
397,MESSIAS TARGINO,2407609,RIO GRANDE DO NORTE,1,0.635234797868964,0.0110356158062646
398,TIMBAÚBA DOS BATISTAS,2414308,RIO GRANDE DO NORTE,1,0.467345823181683,0.0110732860278238
399,TOUROS,2414407,RIO GRANDE DO NORTE,1,1.5793016497644,0.0684323884351735
400,TRIUNFO POTIGUAR,2414456,RIO GRANDE DO NORTE,1,0.682352282951857,0.0219450244568514
401,CONGO,2504702,PARAÍBA,2,0.813502804207094,0.0273374464988598
402,ALCANTIL,2500536,PARAÍBA,2,0.841224076570154,0.0250295030589841
403,ALGODÃO DE JANDAÍRA,2500577,PARAÍBA,2,0.817209520144213,0.0180197275546534
404,SÃO JOÃO DO RIO DO PEIXE,2500700,PARAÍBA,2,1.27886877524872,0.0388037672575092
405,AMPARO,2500734,PARAÍBA,2,0.453619625118014,0.00999468201894381
406,NAZAREZINHO,2510006,PARAÍBA,2,0.566397199678532,0.0156686700786201
407,NOVA FLORESTA,2510105,PARAÍBA,2,0.317558649622386,0.00387288811308645
408,NOVA OLINDA,2510204,PARAÍBA,2,0.507349960780458,0.0069019215266887
409,SERRA DE SÃO BENTO,2413300,RIO GRANDE DO NORTE,1,0.40137327994962,0.0078985070884038
410,SERRA DO MEL,2413359,RIO GRANDE DO NORTE,1,1.19241346852144,0.0502827507710363
411,COREMAS,2504801,PARAÍBA,2,0.891491557260993,0.0310589663244965
412,COXIXOLA,2504850,PARAÍBA,2,0.513632016518909,0.0139216167348442
413,OLHO-D'ÁGUA DO BORGES,2408409,RIO GRANDE DO NORTE,1,0.455789151742991,0.0115300848387806
414,OURO BRANCO,2408508,RIO GRANDE DO NORTE,1,0.706536605051565,0.0207080849977377
415,PARANÁ,2408607,RIO GRANDE DO NORTE,1,0.374023361523252,0.00665329666833668
416,MARIZÓPOLIS,2509156,PARAÍBA,2,0.32945721031431,0.00520362806725426
417,MASSARANDUBA,2509206,PARAÍBA,2,0.609254638114641,0.0168616614788167
418,SÃO JOÃO DO SABUGI,2412104,RIO GRANDE DO NORTE,1,0.763190533395718,0.0226548986634373
419,SÃO JOSÉ DE MIPIBU,2412203,RIO GRANDE DO NORTE,1,0.911017064569231,0.023715891515523
420,SÃO JOSÉ DO CAMPESTRE,2412302,RIO GRANDE DO NORTE,1,0.842775270007761,0.0278764475822415
421,SÃO JOSÉ DO SERIDÓ,2412401,RIO GRANDE DO NORTE,1,0.56440011056806,0.0142659285623658
422,CACIMBA DE DENTRO,2503506,PARAÍBA,2,0.542836971347501,0.0137465596050679
423,CACIMBAS,2503555,PARAÍBA,2,0.546053007095796,0.0103602149716194
424,LAGOA,2508109,PARAÍBA,2,0.598807316699726,0.0145464086917416
425,LAGOA DE DENTRO,2508208,PARAÍBA,1,0.427310633938244,0.00691119953464804
426,LAGOA SECA,2508307,PARAÍBA,2,0.540445820267112,0.00880726699766254
427,LASTRO,2508406,PARAÍBA,2,0.533805731115466,0.00839422603179787
428,MATINHAS,2509339,PARAÍBA,1,0.355432572949052,0.00312060611373285
429,TIBAU,2411056,RIO GRANDE DO NORTE,1,0.57207223758754,0.0137981503693303
430,BOM SUCESSO,2502300,PARAÍBA,2,0.56880627490536,0.0150500262277885
431,BONITO DE SANTA FÉ,2502409,PARAÍBA,2,0.677026866543096,0.0186965813001175
432,BOQUEIRÃO,2502508,PARAÍBA,2,0.95775890905118,0.0304747038283468
433,IGARACY,2502607,PARAÍBA,2,0.636301946877212,0.0157386589711183
434,IBIARA,2506608,PARAÍBA,2,0.739247889552993,0.0200285824420062
435,IMACULADA,2506707,PARAÍBA,2,1.03811492677216,0.0259609768604034
436,INGÁ,2506806,PARAÍBA,2,0.902736105954328,0.0219144532691061
437,ITABAIANA,2506905,PARAÍBA,2,0.688765700962508,0.017922745440267
438,SALGADINHO,2513000,PARAÍBA,2,0.573934475831326,0.0150802598692284
439,SALGADO DE SÃO FÉLIX,2513109,PARAÍBA,2,0.652031890918755,0.0165333852004482
440,SANTA CECÍLIA,2513158,PARAÍBA,2,0.79458134038805,0.0183852658522234
441,RUY BARBOSA,2411106,RIO GRANDE DO NORTE,1,0.519901142286636,0.0102737813035909
442,SANTA CRUZ,2411205,RIO GRANDE DO NORTE,1,1.28180399378828,0.0510183129522745
443,SANTANA DO MATOS,2411403,RIO GRANDE DO NORTE,1,1.92099401036362,0.115924025896011
444,APARECIDA,2500775,PARAÍBA,2,0.803290438292715,0.024188430954574
445,ARAÇAGI,2500809,PARAÍBA,1,0.813010877669086,0.0189110961568449
446,ARARA,2500908,PARAÍBA,2,0.516068868262455,0.0081083862506162
447,ARARUNA,2501005,PARAÍBA,2,0.718488427200335,0.019727980642274
448,AREIA,2501104,PARAÍBA,1,0.729865705202482,0.0218146487284913
449,BREJO DO CRUZ,2502805,PARAÍBA,2,0.833635844245219,0.0326021212113456
450,BREJO DOS SANTOS,2502904,PARAÍBA,2,0.435995528567269,0.00767062035507843
451,SERRA CAIADA,2410306,RIO GRANDE DO NORTE,1,0.598754931920502,0.0136704798843232
452,PILÕES,2511608,PARAÍBA,1,0.297640627211145,0.00527265434954033
453,PIRPIRITUBA,2511806,PARAÍBA,1,0.450629270326166,0.0065312017796788
454,POCINHOS,2512002,PARAÍBA,2,1.17639303906083,0.0514057297480317
455,SERRA NEGRA DO NORTE,2413409,RIO GRANDE DO NORTE,1,0.93548933604852,0.0459852361367789
456,SERRINHA,2413508,RIO GRANDE DO NORTE,1,0.598771401360773,0.0157995495279306
457,UMARIZAL,2414506,RIO GRANDE DO NORTE,1,0.644459033031002,0.0174446983313796
458,UPANEMA,2414605,RIO GRANDE DO NORTE,1,1.11564965476196,0.0713332407342741
459,CUBATI,2505006,PARAÍBA,2,0.481942687046786,0.0112054360656474
460,AREIA DE BARAÚNAS,2501153,PARAÍBA,2,0.441030345986691,0.00788590925418119
461,AREIAL,2501203,PARAÍBA,2,0.26744888325526,0.00291692058625063
462,AROEIRAS,2501302,PARAÍBA,2,0.940910849648841,0.0306987910021007
463,PARAÚ,2408706,RIO GRANDE DO NORTE,1,0.775497506731768,0.0312872954587999
464,PARAZINHO,2408805,RIO GRANDE DO NORTE,1,0.72388564645964,0.0224079483648976
465,PARELHAS,2408904,RIO GRANDE DO NORTE,1,1.05729259367761,0.0419981702185609
466,SERRINHA DOS PINTOS,2413557,RIO GRANDE DO NORTE,1,0.404118890158058,0.0099978087938474
467,SEVERIANO MELO,2413607,RIO GRANDE DO NORTE,1,0.529565363096213,0.0128874090841498
468,CAIÇARA,2503605,PARAÍBA,2,0.756725085399427,0.0104592982272634
469,CAJAZEIRAS,2503704,PARAÍBA,2,1.04072408866624,0.0463024168419791
470,CAJAZEIRINHAS,2503753,PARAÍBA,2,0.753122392082235,0.0235578249003416
471,CUITÉ,2505105,PARAÍBA,2,1.14677134685183,0.0606531800652418
472,CUITÉ DE MAMANGUAPE,2505238,PARAÍBA,1,0.45414240536686,0.00887308971085979
473,MATO GROSSO,2509370,PARAÍBA,2,0.447906917536928,0.00682876506979418
474,POÇO BRANCO,2410108,RIO GRANDE DO NORTE,1,0.724765194442425,0.0188043550211451
475,PORTALEGRE,2410207,RIO GRANDE DO NORTE,1,0.672908912646264,0.00898932125733188
476,PORTO DO MANGUE,2410256,RIO GRANDE DO NORTE,1,0.889931721660124,0.026012978211221
477,CALDAS BRANDÃO,2503803,PARAÍBA,1,0.460920964783445,0.00457214950239767
478,CAMALAÚ,2503902,PARAÍBA,2,1.17380848726135,0.0445819284528574
479,CAMPINA GRANDE,2504009,PARAÍBA,2,1.51702919685574,0.0486517488988562
480,ITAPORANGA,2507002,PARAÍBA,2,0.998442597856332,0.0383266599807858
481,ITATUBA,2507200,PARAÍBA,2,0.672441311243535,0.0200034368748112
482,LIVRAMENTO,2508505,PARAÍBA,2,0.867345864192868,0.0221732991335149
483,LOGRADOURO,2508554,PARAÍBA,2,0.365434447269188,0.00310657541871508
484,PRATA,2512200,PARAÍBA,2,0.598589671385948,0.0157372415930922
485,MATURÉIA,2509396,PARAÍBA,2,0.418833722081446,0.0068526605292198
486,SANTANA DO SERIDÓ,2411429,RIO GRANDE DO NORTE,1,0.636708572097452,0.015409410127663
487,SANTO ANTÔNIO,2411502,RIO GRANDE DO NORTE,1,0.786130441000678,0.0246065960110737
488,JERICÓ,2507408,PARAÍBA,2,0.560782048136845,0.0146594474141912
489,POÇO DANTAS,2512036,PARAÍBA,2,0.605979761671005,0.00794885037328906
490,PRINCESA ISABEL,2512309,PARAÍBA,2,1.03609683899951,0.030156199433895
491,PUXINANÃ,2512408,PARAÍBA,2,0.399012582349003,0.00594963146738926
492,QUEIMADAS,2512507,PARAÍBA,2,0.916125927280288,0.0329074859905597
493,QUIXABÁ,2512606,PARAÍBA,2,0.646327049490442,0.012823248381113
494,REMÍGIO,2512705,PARAÍBA,2,0.625614223186631,0.0148013773186029
495,VÁRZEA,2414704,RIO GRANDE DO NORTE,1,0.507342071434961,0.00594044782467536
496,ASSUNÇÃO,2501351,PARAÍBA,2,0.484187341076572,0.0103477893168738
497,BANANEIRAS,2501500,PARAÍBA,2,0.683510432603269,0.0210948146290691
498,BARAÚNA,2501534,PARAÍBA,2,0.369338364743763,0.00413613482203825
499,BARRA DE SANTANA,2501575,PARAÍBA,2,1.01937931044767,0.0308824351785331
500,BARRA DE SANTA ROSA,2501609,PARAÍBA,2,1.18155441787031,0.0634490848043656
501,BARRA DE SÃO MIGUEL,2501708,PARAÍBA,2,1.18539908697137,0.0487838275097938
502,PUREZA,2410405,RIO GRANDE DO NORTE,1,0.927864534497936,0.0411475451974083
503,RAFAEL FERNANDES,2410504,RIO GRANDE DO NORTE,1,0.33566851562722,0.00639191561024676
504,RAFAEL GODEIRO,2410603,RIO GRANDE DO NORTE,1,0.416943202114144,0.00817458700290564
505,RIACHO DA CRUZ,2410702,RIO GRANDE DO NORTE,1,0.557460445346564,0.0103896435183714
506,POÇO DE JOSÉ DE MOURA,2512077,PARAÍBA,2,0.465854694371676,0.00825613046858626
507,POMBAL,2512101,PARAÍBA,2,1.85328288272918,0.0727017062233422
508,SÍTIO NOVO,2413706,RIO GRANDE DO NORTE,1,0.598264361598381,0.0174372920217935
509,TABOLEIRO GRANDE,2413805,RIO GRANDE DO NORTE,1,0.578936385283365,0.0101344394187438
510,VENHA-VER,2414753,RIO GRANDE DO NORTE,1,0.352600623826462,0.00585325942339731
511,VERA CRUZ,2414803,RIO GRANDE DO NORTE,1,0.517282819858207,0.00685292512188164
512,CURRAL VELHO,2505303,PARAÍBA,2,0.59524486365635,0.0182669178675856
513,DAMIÃO,2505352,PARAÍBA,2,0.52303198485804,0.0151847094819834
514,PASSA E FICA,2409100,RIO GRANDE DO NORTE,1,0.3177500908332,0.00344438864125117
515,PASSAGEM,2409209,RIO GRANDE DO NORTE,1,0.245912448776883,0.00336800790282955
516,PATU,2409308,RIO GRANDE DO NORTE,1,0.740822239748597,0.0260703413236522
517,SANTA MARIA,2409332,RIO GRANDE DO NORTE,1,0.585771798994036,0.017927287343534
518,NOVA PALMEIRA,2510303,PARAÍBA,2,0.836784534019953,0.0253808521662067
519,OLHO D'ÁGUA,2510402,PARAÍBA,2,1.20929156409247,0.048813656529931
520,OLIVEDOS,2510501,PARAÍBA,2,0.753751807634748,0.0260155316062794
521,TAIPU,2413904,RIO GRANDE DO NORTE,1,0.766944186844495,0.0287967372244895
522,CAPIM,2504033,PARAÍBA,1,0.41206677438387,0.00644611917276615
523,CARAÚBAS,2504074,PARAÍBA,2,1.03308243508423,0.0407581702791131
524,CARRAPATEIRA,2504108,PARAÍBA,2,0.3559216353072,0.00446228242407446
525,CASSERENGUE,2504157,PARAÍBA,2,0.647642978496346,0.0164716852221235
526,CATINGUEIRA,2504207,PARAÍBA,2,1.00809284038007,0.043341028766503
527,DESTERRO,2505402,PARAÍBA,2,0.546338543890385,0.0146894275105451
528,VISTA SERRANA,2505501,PARAÍBA,2,0.396976599077964,0.00501905278041568
529,DIAMANTE,2505600,PARAÍBA,2,0.877269121809102,0.0220427733435569
530,DONA INÊS,2505709,PARAÍBA,2,0.661360256403455,0.0135877334021388
531,MÃE D'ÁGUA,2508703,PARAÍBA,2,0.736363429678225,0.0199580089777891
532,MOGEIRO,2509404,PARAÍBA,2,0.624451548556959,0.0175486803994703
533,MONTADAS,2509503,PARAÍBA,2,0.221859461933679,0.00259394578296754
534,SÃO BENTO DO NORTE,2411601,RIO GRANDE DO NORTE,1,0.645445314101118,0.023548411578484
535,CATOLÉ DO ROCHA,2504306,PARAÍBA,2,1.22354486947753,0.0451208672379491
536,JUAREZ TÁVORA,2507606,PARAÍBA,1,0.391664928587916,0.00579929019087856
537,JUAZEIRINHO,2507705,PARAÍBA,2,0.956127905295795,0.0382648093967301
538,JUNCO DO SERIDÓ,2507804,PARAÍBA,2,0.721526302348092,0.013946497113897
539,MALTA,2508802,PARAÍBA,2,0.688673974977843,0.0127829407416754
540,MAMANGUAPE,2508901,PARAÍBA,1,1.16659177888313,0.027847261479556
541,RIACHO DE SANTO ANTÔNIO,2512788,PARAÍBA,2,0.614174415431985,0.00748464683057753
542,SÃO BENTO DO TRAIRÍ,2411700,RIO GRANDE DO NORTE,1,0.630552342867906,0.0155963813442598
543,BELÉM,2501906,PARAÍBA,1,0.498897887276117,0.00819117979609391
544,BELÉM DO BREJO DO CRUZ,2502003,PARAÍBA,2,1.37807974050219,0.0492677479275496
545,BERNARDINO BATISTA,2502052,PARAÍBA,2,0.326896797163243,0.0041388810351685
546,SANTANA DE MANGUEIRA,2513505,PARAÍBA,2,0.99055206997092,0.0329551685628481
547,SANTANA DOS GARROTES,2513604,PARAÍBA,2,0.772004334341477,0.0289784613685926
548,JOCA CLAUDINO,2513653,PARAÍBA,2,0.348921199905936,0.00604993996383554
549,RIACHO DOS CAVALOS,2512804,PARAÍBA,2,0.708278833977829,0.0215840382200361
550,RIO TINTO,2512903,PARAÍBA,1,1.28435778524593,0.0380917455719367
551,VIÇOSA,2414902,RIO GRANDE DO NORTE,1,0.283389259847242,0.00309582621160264
552,BOA VENTURA,2502102,PARAÍBA,2,0.523029558624546,0.0139723170118242
553,PAU DOS FERROS,2409407,RIO GRANDE DO NORTE,1,0.760350689901909,0.021237064649523
554,PEDRA GRANDE,2409506,RIO GRANDE DO NORTE,1,0.567658595963732,0.0180593230822938
555,PEDRA PRETA,2409605,RIO GRANDE DO NORTE,1,0.643056090010032,0.0240723412076724
556,PEDRO AVELINO,2409704,RIO GRANDE DO NORTE,1,1.14896291112299,0.0777473883119593
557,SÃO MIGUEL,2412500,RIO GRANDE DO NORTE,1,0.816632201489494,0.013582418727142
558,SÃO MIGUEL DO GOSTOSO,2412559,RIO GRANDE DO NORTE,1,0.794300194576548,0.0280216558322772
559,SÃO PAULO DO POTENGI,2412609,RIO GRANDE DO NORTE,1,0.580902326597451,0.0196345067351079
560,SÃO PEDRO,2412708,RIO GRANDE DO NORTE,1,0.562095556937815,0.0159432585805032
561,TANGARÁ,2414001,RIO GRANDE DO NORTE,1,0.81553660716391,0.0291567016535243
562,TENENTE ANANIAS,2414100,RIO GRANDE DO NORTE,1,0.613964067896945,0.0182836509731775
563,TENENTE LAURENTINO CRUZ,2414159,RIO GRANDE DO NORTE,1,0.481554583103879,0.00607647187765358
564,ÁGUA BRANCA,2500106,PARAÍBA,2,0.742483595826765,0.0193825302937842
565,AGUIAR,2500205,PARAÍBA,2,0.993151598940503,0.0282135105848616
566,ALAGOA GRANDE,2500304,PARAÍBA,1,0.812589987363185,0.0262364130574186
567,ALAGOA NOVA,2500403,PARAÍBA,1,0.524091898105656,0.0100060341407012
568,DUAS ESTRADAS,2505808,PARAÍBA,1,0.265251127896297,0.00214788711186999
569,MONTE HOREBE,2509602,PARAÍBA,2,0.658269029567099,0.00951115741728472
570,MONTEIRO,2509701,PARAÍBA,2,1.51654110203025,0.0808814620860033
571,MULUNGU,2509800,PARAÍBA,1,0.617412464982222,0.0159834303230332
572,NATUBA,2509909,PARAÍBA,2,0.817899455312354,0.016664434241254
573,CABACEIRAS,2503100,PARAÍBA,2,1.17332914540597,0.0371015310386913
574,CACHOEIRA DOS ÍNDIOS,2503308,PARAÍBA,2,0.59360564184658,0.0157979049196445
575,CACIMBA DE AREIA,2503407,PARAÍBA,2,0.578066711182854,0.0180401201834127
576,GADO BRAVO,2506251,PARAÍBA,2,0.807557544934704,0.0157656936915446
577,CATURITÉ,2504355,PARAÍBA,2,0.508645557899441,0.00967188171994649
578,CONCEIÇÃO,2504405,PARAÍBA,2,1.54142068943869,0.0474698487405696
579,CONDADO,2504504,PARAÍBA,2,0.88614597541524,0.0229839947054709
580,EMAS,2505907,PARAÍBA,2,0.59676569848947,0.0197177234660867
581,ESPERANÇA,2506004,PARAÍBA,2,0.608933568427702,0.0131866552402459
582,FAGUNDES,2506103,PARAÍBA,2,0.613691456992664,0.0154817448520056
583,FREI MARTINHO,2506202,PARAÍBA,2,0.843225943082536,0.0199702677091694
584,SÃO FERNANDO,2411809,RIO GRANDE DO NORTE,1,0.888905583566306,0.0330516572965384
585,SÃO FRANCISCO DO OESTE,2411908,RIO GRANDE DO NORTE,1,0.415993992205842,0.00617355179243566
586,GUARABIRA,2506301,PARAÍBA,1,0.583104237740653,0.013560218339046
587,GURINHÉM,2506400,PARAÍBA,1,0.808643590509165,0.0283291844615873
588,GURJÃO,2506509,PARAÍBA,2,0.964736404916346,0.027880805551058
589,PAULISTA,2510907,PARAÍBA,2,1.02113891645254,0.047174427276159
590,JURU,2508000,PARAÍBA,2,0.825653943634521,0.0330379338149471
591,MANAÍRA,2509008,PARAÍBA,2,0.899412862861227,0.0288984743001083
592,BOA VISTA,2502151,PARAÍBA,2,0.939290813232192,0.039020297641779
593,BOM JESUS,2502201,PARAÍBA,2,0.384490463082376,0.00388589740274964
594,PEDRA BRANCA,2511004,PARAÍBA,2,0.600422036482754,0.00925101706293145
595,PEDRA LAVRADA,2511103,PARAÍBA,2,1.08899661191448,0.0287663530231079
596,PIANCÓ,2511301,PARAÍBA,2,1.24549839075499,0.0462344587484426
597,PICUÍ,2511400,PARAÍBA,2,1.47887664858866,0.0540915007345765
598,PILAR,2511509,PARAÍBA,1,0.529329129106863,0.00838473608274246
599,SENADOR ELÓI DE SOUZA,2413102,RIO GRANDE DO NORTE,1,0.582779377068962,0.0136909899291193
600,PEDRO RÉGIS,2512721,PARAÍBA,1,0.35445492178078,0.00601567537237339
601,RIACHÃO,2512747,PARAÍBA,2,0.428587841631899,0.00737070050614788
602,RIACHÃO DO BACAMARTE,2512754,PARAÍBA,2,0.250358214865183,0.00314155601651046
603,SANTA CRUZ,2513208,PARAÍBA,2,0.690102180592449,0.0171831167255754
604,SANTA HELENA,2513307,PARAÍBA,2,0.645824164585936,0.0172021986754675
605,SANTA INÊS,2513356,PARAÍBA,2,0.838129039077717,0.0265879687066805
606,SANTA LUZIA,2513406,PARAÍBA,2,1.0508412511653,0.0372868220373268
607,PEDRO VELHO,2409803,RIO GRANDE DO NORTE,1,0.626806460432219,0.0157533912730495
608,PENDÊNCIAS,2409902,RIO GRANDE DO NORTE,1,0.838458853664078,0.0341935004734952
609,PILÕES,2410009,RIO GRANDE DO NORTE,1,0.390057036561968,0.00675753821960659
610,CACIMBINHAS,2701209,ALAGOAS,1,0.690862105058452,0.0225386561198651
611,CANAPI,2701605,ALAGOAS,1,1.06768734739067,0.0469660231545873
612,GIRAU DO PONCIANO,2702900,ALAGOAS,1,1.04697601118562,0.0423908560457141
613,IGACI,2703106,ALAGOAS,1,1.03819716600207,0.0275191304966544
614,SÃO JOSÉ DE ESPINHARAS,2514404,PARAÍBA,2,1.10053695344046,0.0593611082847068
615,SÃO JOSÉ DOS RAMOS,2514453,PARAÍBA,1,0.523941987831783,0.00804284910848771
616,SÃO JOSÉ DE PIRANHAS,2514503,PARAÍBA,2,1.25939180885468,0.0554385356392331
617,TORITAMA,2615409,PERNAMBUCO,2,0.234571837186651,0.00210819921092034
618,TRINDADE,2615607,PERNAMBUCO,2,0.578731973742409,0.0188155547665432
619,QUEBRANGULO,2707602,ALAGOAS,1,0.987805415336057,0.0263202553508162
620,MONTE ALEGRE DE SERGIPE,2804201,SERGIPE,1,1.26991253411119,0.0336018146974653
621,NOSSA SENHORA DA GLÓRIA,2804508,SERGIPE,1,1.77207388005073,0.0624143795657026
622,TAVARES,2516607,PARAÍBA,2,0.954183103632758,0.0194473084532606
623,ANGELIM,2601003,PERNAMBUCO,2,0.542698627509818,0.0097028868750494
624,ARARIPINA,2601102,PERNAMBUCO,2,1.84763034182207,0.155088120222584
625,CANHOTINHO,2603702,PERNAMBUCO,2,1.20955196643205,0.0347857379407121
626,CAPOEIRAS,2603801,PERNAMBUCO,2,0.925411715082746,0.0276323369473474
627,CARNAÍBA,2603900,PERNAMBUCO,2,1.14380570721958,0.0350705793031206
628,CARNAUBEIRA DA PENHA,2603926,PERNAMBUCO,2,1.33474454943534,0.0824832287515942
629,CARUARU,2604106,PERNAMBUCO,2,1.55800026465804,0.0755396072777684
630,SÃO SEBASTIÃO DE LAGOA DE ROÇA,2515104,PARAÍBA,2,0.271925314978519,0.00408954470006423
631,SÃO SEBASTIÃO DO UMBUZEIRO,2515203,PARAÍBA,2,1.15383537129565,0.0377897515291415
632,TEIXEIRA,2516706,PARAÍBA,2,0.567065728925215,0.0131740972192646
633,TENÓRIO,2516755,PARAÍBA,2,0.515634899394721,0.00861408954092954
634,JATOBÁ,2608057,PERNAMBUCO,2,0.70975090052171,0.022860648682544
635,JOÃO ALFREDO,2608107,PERNAMBUCO,2,0.592414455955865,0.0114680263429073
636,ARCOVERDE,2601201,PERNAMBUCO,2,0.927047715999162,0.0288074062876193
637,MIRANDIBA,2609303,PERNAMBUCO,2,1.26752579192102,0.06741820697235
638,CASINHAS,2604155,PERNAMBUCO,2,0.53602348638748,0.00949778828066916
639,SANHARÓ,2612406,PERNAMBUCO,2,0.775010845166344,0.0220566596797028
640,SANTA CRUZ,2612455,PERNAMBUCO,2,1.6857256251439,0.103082802333537
641,SANTA CRUZ DA BAIXA VERDE,2612471,PERNAMBUCO,2,0.481679132181142,0.00942307987753754
642,SANTA CRUZ DO CAPIBARIBE,2612505,PERNAMBUCO,2,0.833755849515713,0.0274942300051957
643,SANTA FILOMENA,2612554,PERNAMBUCO,2,1.49063356033832,0.0824765474843566
644,SANTA MARIA DA BOA VISTA,2612604,PERNAMBUCO,2,2.52098305225962,0.246537621118827
645,SANTA MARIA DO CAMBUCÁ,2612703,PERNAMBUCO,2,0.391840908587878,0.00755465512122218
646,SÃO VICENTE DO SERIDÓ,2515401,PARAÍBA,2,0.77521342567219,0.0226202217375883
647,GRANITO,2606309,PERNAMBUCO,2,0.90511967018905,0.0427868552952977
648,JUCATI,2608255,PERNAMBUCO,2,0.470310240999878,0.00991014470171544
649,CARNEIROS,2701803,ALAGOAS,1,0.452719776849326,0.00838581425299068
650,OROBÓ,2609709,PERNAMBUCO,2,0.553420457940654,0.0113649465176641
651,OLHO D'ÁGUA DAS FLORES,2705705,ALAGOAS,1,0.736761598977228,0.0157522687144186
652,OLHO D'ÁGUA DO CASADO,2705804,ALAGOAS,1,0.824325400120207,0.0265306533809639
653,OLIVENÇA,2706000,ALAGOAS,1,0.50526465907481,0.0144673320410231
654,OURO BRANCO,2706109,ALAGOAS,1,0.617040473402082,0.0149840215468785
655,PALESTINA,2706208,ALAGOAS,1,0.315402737637064,0.00314758111920761
656,GRAVATÁ,2606408,PERNAMBUCO,2,0.975382249621536,0.0415856884523424
657,IATI,2606507,PERNAMBUCO,2,1.39673143276417,0.0522457916443035
658,IBIMIRIM,2606606,PERNAMBUCO,2,2.01905133675479,0.156592968919238
659,TRIUNFO,2615706,PERNAMBUCO,2,0.624813000014779,0.0157023773044376
660,TUPANATINGA,2615805,PERNAMBUCO,2,1.82328241980297,0.0780892613496965
661,TUPARETAMA,2615904,PERNAMBUCO,2,0.772736281724936,0.0146353311379057
662,COITÉ DO NÓIA,2702009,ALAGOAS,1,0.438120245960779,0.00729065497736862
663,TRAIPU,2709202,ALAGOAS,1,1.26321620043445,0.0565329108502912
664,INHAPI,2703304,ALAGOAS,1,0.801119321065072,0.0307248356335101
665,JACARÉ DOS HOMENS,2703403,ALAGOAS,1,0.56146995070138,0.0123152455053016
666,SANTA TERESINHA,2513802,PARAÍBA,2,0.790408548009965,0.0292980288040166
667,SANTO ANDRÉ,2513851,PARAÍBA,2,0.679834515227085,0.0161873706134947
668,RIACHO DE SANTANA,2410801,RIO GRANDE DO NORTE,1,0.555661947483457,0.0104685504027538
669,RIACHUELO,2410900,RIO GRANDE DO NORTE,1,0.614975420558909,0.0214632611490928
670,RODOLFO FERNANDES,2411007,RIO GRANDE DO NORTE,1,0.550163498682613,0.0126437196642797
671,VENTUROSA,2616001,PERNAMBUCO,2,0.928784634152948,0.0263461845654295
672,VERDEJANTE,2616100,PERNAMBUCO,2,0.990775553085617,0.0390415153768261
673,SANTANA DO IPANEMA,2708006,ALAGOAS,1,1.00274439532505,0.0360403915974574
674,TRIUNFO,2516805,PARAÍBA,2,0.741575791611662,0.017978346453541
675,SÃO BENTO,2513901,PARAÍBA,2,0.628733893110083,0.0202894036310396
676,BELÉM DO SÃO FRANCISCO,2601607,PERNAMBUCO,2,2.11083879449089,0.150375309250494
677,BELO JARDIM,2601706,PERNAMBUCO,2,1.56027937257255,0.0531562646514669
678,BETÂNIA,2601805,PERNAMBUCO,2,1.41537096857232,0.102102447286608
679,BEZERROS,2601904,PERNAMBUCO,2,1.08353924617344,0.0402772015803248
680,BODOCÓ,2602001,PERNAMBUCO,2,1.98223245771573,0.132476512834684
681,BOM CONSELHO,2602100,PERNAMBUCO,2,1.50018126169731,0.0651743533305183
682,BOM JARDIM,2602209,PERNAMBUCO,2,0.93128927995781,0.0179063975187946
683,BONITO,2602308,PERNAMBUCO,2,1.23874033757115,0.0324870575155541
684,SÃO JOSÉ DE PRINCESA,2514552,PARAÍBA,2,0.734994568047721,0.0129517586728834
685,SÃO JOSÉ DO BONFIM,2514602,PARAÍBA,2,0.503609747832164,0.0110285539217148
686,CEDRO,2604304,PERNAMBUCO,2,0.581700100760906,0.0121923991187467
687,SERRA BRANCA,2515500,PARAÍBA,2,1.30586699957174,0.0563300847262342
688,UIRAÚNA,2516904,PARAÍBA,2,0.812583607157766,0.0240763419267791
689,UMBUZEIRO,2517001,PARAÍBA,2,0.710508797365587,0.0152893355842438
690,JUPI,2608305,PERNAMBUCO,2,0.521045563042161,0.00862676078509244
691,BREJÃO,2602407,PERNAMBUCO,2,0.587574136670519,0.0131396321558009
692,OROCÓ,2609808,PERNAMBUCO,2,1.13225514576849,0.045554445063751
693,OURICURI,2609907,PERNAMBUCO,2,2.73356989847098,0.19870424833298
694,PALMEIRINA,2610103,PERNAMBUCO,2,0.768605533133909,0.0138799772172612
695,PANELAS,2610202,PERNAMBUCO,2,0.897808416633148,0.0312536284223183
696,PARANATAMA,2610301,PERNAMBUCO,2,0.759741397446479,0.0189792574731431
697,PARNAMIRIM,2610400,PERNAMBUCO,2,3.19186144377224,0.215088867333171
698,PASSIRA,2610509,PERNAMBUCO,2,0.919640430456634,0.0268007185823638
699,PEDRA,2610806,PERNAMBUCO,2,1.65796227058519,0.0659801944892051
700,PESQUEIRA,2610905,PERNAMBUCO,2,1.95168105076177,0.0817305494839478
701,PETROLÂNDIA,2611002,PERNAMBUCO,2,1.75688719703073,0.0868554679884209
702,PETROLINA,2611101,PERNAMBUCO,2,3.22063254049788,0.375132628542761
703,POÇÃO,2611200,PERNAMBUCO,2,0.744277289144413,0.0167678033055179
704,PALMEIRA DOS ÍNDIOS,2706307,ALAGOAS,1,0.936795256953159,0.0372516703020582
705,PÃO DE AÇÚCAR,2706406,ALAGOAS,1,1.41494782900421,0.0571464265810383
706,PARICONHA,2706422,ALAGOAS,1,0.645519165962193,0.0212713735959314
707,SERRA DA RAIZ,2515609,PARAÍBA,1,0.236996867374167,0.00237848064432699
708,SERRA GRANDE,2515708,PARAÍBA,2,0.44751912090185,0.00683425586373673
709,IBIRAJUBA,2606705,PERNAMBUCO,2,0.596989266329133,0.0155739594268785
710,IGUARACY,2606903,PERNAMBUCO,2,1.68345726916829,0.0687168725399697
711,INAJÁ,2607000,PERNAMBUCO,2,1.80934779817265,0.0971877283823094
712,JUREMA,2608404,PERNAMBUCO,2,0.580665439812365,0.0121825210134558
713,JARAMATAIA,2703700,ALAGOAS,1,0.519377919411561,0.00854413611931115
714,LAGOA DA CANOA,2704104,ALAGOAS,1,0.467756928939652,0.00695384752575583
715,OURO VELHO,2510600,PARAÍBA,2,0.50321246136974,0.010603453093661
716,PARARI,2510659,PARAÍBA,2,0.629765487492631,0.0170079642673187
717,PASSAGEM,2510709,PARAÍBA,2,0.440032495392482,0.00915755123675127
718,PATOS,2510808,PARAÍBA,2,1.38283013658976,0.0387119301062056
719,INGAZEIRA,2607109,PERNAMBUCO,2,0.641413167681204,0.019971833273485
720,IPUBI,2607307,PERNAMBUCO,2,1.10434227006274,0.0705696832624893
721,VERTENTE DO LÉRIO,2616183,PERNAMBUCO,2,0.372158379434424,0.00603589123782427
722,VERTENTES,2616209,PERNAMBUCO,2,0.755200403307064,0.0160979700823386
723,CRAÍBAS,2702355,ALAGOAS,1,0.685447789176721,0.0224745780174062
724,DELMIRO GOUVEIA,2702405,ALAGOAS,1,1.10845679679736,0.050089719621548
725,SÃO BENTINHO,2513927,PARAÍBA,2,0.61829115615942,0.0160325880021943
726,SÃO DOMINGOS DO CARIRI,2513943,PARAÍBA,2,0.708529644880059,0.0179288054042925
727,SÃO DOMINGOS,2513968,PARAÍBA,2,0.560644527638073,0.013833033544863
728,CORRENTES,2604700,PERNAMBUCO,2,0.940638873282962,0.0261391438455145
729,CUMARU,2604908,PERNAMBUCO,2,0.786665484119304,0.0239704730679834
730,CUPIRA,2605004,PERNAMBUCO,2,0.440560764141565,0.00781571543806858
731,CUSTÓDIA,2605103,PERNAMBUCO,2,1.79344749527102,0.115211860794095
732,SÃO JOSÉ DA TAPERA,2708402,ALAGOAS,1,1.05699266618212,0.0407714639989542
733,ITABI,2803104,SERGIPE,1,0.721822741632888,0.0152124748067396
734,VÁRZEA,2517100,PARAÍBA,2,0.638117433371114,0.0155846963696407
735,BREJINHO,2602506,PERNAMBUCO,2,0.5877265081932,0.00870331711393719
736,BREJO DA MADRE DE DEUS,2602605,PERNAMBUCO,2,1.52322453804798,0.0625372954356726
737,BUÍQUE,2602803,PERNAMBUCO,2,1.70590305085897,0.109250985817602
738,CABROBÓ,2603009,PERNAMBUCO,2,1.89741032608541,0.136091056251248
739,CACHOEIRINHA,2603108,PERNAMBUCO,2,0.634895090065024,0.0147201029429134
740,CAETÉS,2603207,PERNAMBUCO,2,0.928591461876615,0.0270776902636364
741,SÃO JOSÉ DO BREJO DO CRUZ,2514651,PARAÍBA,2,0.690119852556038,0.0206745888590171
742,SÃO JOSÉ DO SABUGI,2514701,PARAÍBA,2,0.622549809722034,0.0169267329956807
743,SERRA REDONDA,2515807,PARAÍBA,1,0.320897022396321,0.00457664709536376
744,VIEIRÓPOLIS,2517209,PARAÍBA,2,0.547404061585345,0.0120009768629283
745,ZABELÊ,2517407,PARAÍBA,2,0.444401055951807,0.00897397606503249
746,AFOGADOS DA INGAZEIRA,2600104,PERNAMBUCO,2,0.97439557425475,0.0309585745139947
747,QUIXABA,2611533,PERNAMBUCO,2,0.657518468796661,0.0172700577199818
748,RIACHO DAS ALMAS,2611705,PERNAMBUCO,2,0.890441967418407,0.025758966356905
749,SAIRÉ,2612000,PERNAMBUCO,2,0.574490789263883,0.0155427617013507
750,SÃO RAFAEL,2412807,RIO GRANDE DO NORTE,1,0.833230594049717,0.0383035155887276
751,SÃO TOMÉ,2412906,RIO GRANDE DO NORTE,1,1.19272551468789,0.0704516390202938
752,SÃO VICENTE,2413003,RIO GRANDE DO NORTE,1,0.711274585039775,0.0161631225966337
753,SERTÃOZINHO,2515930,PARAÍBA,1,0.286109845376921,0.0026826317426871
754,SOBRADO,2515971,PARAÍBA,1,0.494131147491364,0.00505462301246445
755,SOLÂNEA,2516003,PARAÍBA,2,0.644534025766045,0.0189838626393056
756,LAGOA DO OURO,2608602,PERNAMBUCO,2,0.703304041526024,0.016350663180404
757,LAGOA DOS GATOS,2608701,PERNAMBUCO,2,0.575024093465593,0.0184811594860163
758,LAGOA GRANDE,2608750,PERNAMBUCO,2,2.06549288098429,0.151941260406306
759,LAJEDO,2608800,PERNAMBUCO,2,0.650397351421375,0.0155356014039703
760,LIMOEIRO,2608909,PERNAMBUCO,2,0.77569418954925,0.0224434553366994
761,MAJOR ISIDORO,2704401,ALAGOAS,1,0.913807305529179,0.036962287247288
762,MARAVILHA,2704609,ALAGOAS,1,0.930382624358824,0.0274135829605652
763,SANTA TEREZINHA,2612802,PERNAMBUCO,2,0.585971691741121,0.0160205036814333
764,SÃO BENTO DO UNA,2613008,PERNAMBUCO,2,1.17934322304713,0.0590614199369433
765,SÃO CAITANO,2613107,PERNAMBUCO,2,0.892121926317141,0.0313942104212876
766,SÃO JOÃO,2613206,PERNAMBUCO,2,0.664574137000858,0.0212351706819265
767,SÃO JOAQUIM DO MONTE,2613305,PERNAMBUCO,2,0.859202872173482,0.0190551953762949
768,SÃO JOSÉ DO BELMONTE,2613503,PERNAMBUCO,2,1.73858933830296,0.120863267542935
769,SÃO JOSÉ DO EGITO,2613602,PERNAMBUCO,2,1.51688421997188,0.0654507176165436
770,ITACURUBA,2607406,PERNAMBUCO,2,0.90749604680846,0.0353375098048958
771,ITAÍBA,2607505,PERNAMBUCO,2,1.60909295157494,0.0909199232456515
772,ITAPETIM,2607703,PERNAMBUCO,2,0.975336470874377,0.0331590600901857
773,DOIS RIACHOS,2702504,ALAGOAS,1,0.522843100841893,0.0115114920124045
774,ESTRELA DE ALAGOAS,2702553,ALAGOAS,1,0.711022920839643,0.0213696303534047
775,SÃO FRANCISCO,2513984,PARAÍBA,2,0.457093420481303,0.00777291827431622
776,SÃO JOÃO DO CARIRI,2514008,PARAÍBA,2,1.20367517462771,0.0534968774297807
777,SÃO JOÃO DO TIGRE,2514107,PARAÍBA,2,1.42631605805439,0.0669508354704563
778,SÃO JOSÉ DA LAGOA TAPADA,2514206,PARAÍBA,2,0.756810324346083,0.0279683217129138
779,SÃO JOSÉ DE CAIANA,2514305,PARAÍBA,2,0.64738092490282,0.0144375886280998
780,SÃO VICENTE FERRER,2613800,PERNAMBUCO,2,0.575594317149005,0.00934023265921039
781,SERRA TALHADA,2613909,PERNAMBUCO,2,2.72800944543739,0.244436215222673
782,SERRITA,2614006,PERNAMBUCO,2,1.97012524165837,0.126134311774284
783,SERTÂNIA,2614105,PERNAMBUCO,2,2.36468714145468,0.198710604473746
784,MOREILÂNDIA,2614303,PERNAMBUCO,2,1.05672196854944,0.0330559644095751
785,SOLIDÃO,2614402,PERNAMBUCO,2,0.563374014400318,0.0113404106392775
786,ÁGUA BRANCA,2700102,ALAGOAS,1,0.990597656338597,0.0393599399602579
787,ARAPIRACA,2700300,ALAGOAS,1,0.881223751309863,0.0290045246763866
788,BATALHA,2700706,ALAGOAS,1,0.722608433121284,0.0263234350660025
789,BELO MONTE,2700904,ALAGOAS,1,0.784851197606993,0.0274659482978241
790,SENADOR RUI PALMEIRA,2708956,ALAGOAS,1,0.796979721825832,0.0282115264934041
791,AFRÂNIO,2600203,PERNAMBUCO,2,2.13078851826089,0.122443221566152
792,AGRESTINA,2600302,PERNAMBUCO,2,0.740615120209945,0.0164697046941875
793,ÁGUAS BELAS,2600500,PERNAMBUCO,2,1.44318187492887,0.0728688813624303
794,CALÇADO,2603306,PERNAMBUCO,2,0.524489303458124,0.0100204415347164
795,CALUMBI,2603405,PERNAMBUCO,2,0.889932179518742,0.0147069484688853
796,CAMOCIM DE SÃO FÉLIX,2603504,PERNAMBUCO,2,0.428571044272373,0.00594945445161301
797,PIRANHAS,2707107,ALAGOAS,1,0.986336387906385,0.0336065524430486
798,POÇO DAS TRINCHEIRAS,2707206,ALAGOAS,1,1.08184358307862,0.0233263187880148
799,CARIRA,2801405,SERGIPE,1,1.13982967157777,0.0525361073150454
800,FREI PAULO,2802304,SERGIPE,1,0.779194504352559,0.0330677413614665
801,GARARU,2802403,SERGIPE,1,1.72061403462384,0.0540158057710014
802,ALAGOINHA,2600609,PERNAMBUCO,2,0.634714916228105,0.0178877966441064
803,ALTINHO,2600807,PERNAMBUCO,2,0.942459334228024,0.0371598950405045
804,SALGADINHO,2612109,PERNAMBUCO,2,0.457033471013384,0.00715197451199253
805,SALGUEIRO,2612208,PERNAMBUCO,2,2.34659401483096,0.13839239585182
806,SALOÁ,2612307,PERNAMBUCO,2,0.816251780988324,0.0207274296875864
807,SÃO JOSÉ DOS CORDEIROS,2514800,PARAÍBA,2,0.894109297929966,0.0308631461404091
808,SÃO MAMEDE,2514909,PARAÍBA,2,1.0920546521539,0.0434254632136593
809,SÃO MIGUEL DE TAIPU,2515005,PARAÍBA,1,0.368202222282029,0.00757571179337275
810,DORMENTES,2605152,PERNAMBUCO,2,1.75018422629515,0.126266704339377
811,EXU,2605301,PERNAMBUCO,2,1.46355358336397,0.109575843371678
812,FEIRA NOVA,2605400,PERNAMBUCO,2,0.431576625780817,0.00883443732050194
813,FLORES,2605608,PERNAMBUCO,2,1.32938486593177,0.0816425313019162
814,FLORESTA,2605707,PERNAMBUCO,2,3.56240706321621,0.299307583194329
815,SOLEDADE,2516102,PARAÍBA,2,0.941814892631038,0.0458408309910269
816,SOSSÊGO,2516151,PARAÍBA,2,0.594078502280977,0.0126558660014992
817,SOUSA,2516201,PARAÍBA,2,1.28157279065153,0.0604062832348168
818,SUMÉ,2516300,PARAÍBA,2,1.56457551028012,0.0686845399300535
819,TACIMA,2516409,PARAÍBA,2,0.807067778292575,0.0201664530532338
820,TAPEROÁ,2516508,PARAÍBA,2,1.07406715170836,0.052738591689885
821,MACHADOS,2609105,PERNAMBUCO,2,0.344358583709375,0.00492065433595158
822,MANARI,2609154,PERNAMBUCO,2,1.00481852531491,0.0295310388145578
823,MATA GRANDE,2705002,ALAGOAS,1,1.4161454463911,0.0733016698622054
824,MINADOR DO NEGRÃO,2705309,ALAGOAS,1,0.489700529818798,0.013782956797346
825,MONTEIRÓPOLIS,2705408,ALAGOAS,1,0.366313788626917,0.00708545278449445
826,FREI MIGUELINHO,2605806,PERNAMBUCO,2,0.630878501740945,0.017443153844951
827,GARANHUNS,2606002,PERNAMBUCO,2,1.29627124749257,0.0376979774094218
828,SURUBIM,2614501,PERNAMBUCO,2,0.737340651414034,0.0207333455813636
829,TABIRA,2614600,PERNAMBUCO,2,0.864501735182644,0.0317919853942743
830,TACAIMBÓ,2614709,PERNAMBUCO,2,0.76032696738665,0.0186831877379677
831,TACARATU,2614808,PERNAMBUCO,2,1.74102621838472,0.103967667648664
832,TAQUARITINGA DO NORTE,2615003,PERNAMBUCO,2,0.953349181844632,0.0389614836614111
833,TEREZINHA,2615102,PERNAMBUCO,2,0.567697467009933,0.0124558345443414
834,TERRA NOVA,2615201,PERNAMBUCO,2,0.790175020530999,0.024300253099099
835,JATAÚBA,2608008,PERNAMBUCO,2,1.24648113828515,0.058618017728382
836,CACULÉ,2905008,BAHIA,1,1.36280234816931,0.0512230780816617
837,CAETANOS,2905156,BAHIA,1,1.44974088074486,0.0735290874601777
838,CAETITÉ,2905206,BAHIA,1,3.93086110743935,0.221786470759615
839,CAFARNAUM,2905305,BAHIA,1,1.06530433135039,0.0560012732211776
840,CAMPO ALEGRE DE LOURDES,2905909,BAHIA,1,2.65701285000213,0.229033336808041
841,IRECÊ,2914604,BAHIA,1,0.744102710409616,0.0264181627812283
842,ITAGUAÇU DA BAHIA,2915353,BAHIA,1,3.48521835954395,0.367954437575991
843,CATUTI,3115474,MINAS GERAIS,1,1.1440303451437,0.0242227376578803
844,MUCURICI,3203601,ESPÍRITO SANTO,1,1.08095635041705,0.0460887696869631
845,MUQUI,3203809,ESPÍRITO SANTO,1,1.02301690113731,0.0284379186083517
846,NOVA VENÉCIA,3203908,ESPÍRITO SANTO,1,2.76302099248428,0.123520353708912
847,PEDRO CANÁRIO,3204054,ESPÍRITO SANTO,1,1.41196097321987,0.0370291211611201
848,PINHEIROS,3204104,ESPÍRITO SANTO,1,1.96430876180189,0.0831927266612718
849,MORTUGABA,2921807,BAHIA,2,1.19012441808736,0.0443812351816164
850,MULUNGU DO MORRO,2922052,BAHIA,1,1.11376615321528,0.0469780642789791
851,MUNDO NOVO,2922102,BAHIA,1,2.53144158343062,0.123938102926165
852,MUQUÉM DE SÃO FRANCISCO,2922250,BAHIA,1,3.33803853250384,0.320090631932231
853,NOVA SOURE,2922904,BAHIA,1,1.24231401700677,0.0786985247634123
854,SÃO FRANCISCO DE ITABAPOANA,3304755,RIO DE JANEIRO,1,2.00523827945872,0.097777962993583
855,SÍTIO DO MATO,2930758,BAHIA,1,2.00378935725558,0.135554573328314
856,SOBRADINHO,2930774,BAHIA,1,1.58296953410377,0.102060832017659
857,SOUTO SOARES,2930808,BAHIA,1,1.59100313636014,0.0824756691559362
858,TANHAÇU,2931004,BAHIA,1,1.83568163782225,0.106946514286103
859,TANQUE NOVO,2931053,BAHIA,1,1.32646375485416,0.0609202691949531
860,CANARANA,2906204,BAHIA,1,1.12165887187486,0.0478012837531742
861,CANDIBA,2906600,BAHIA,2,0.825180986697517,0.0363427062050861
862,CANSANÇÃO,2906808,BAHIA,1,2.05972646778469,0.110481523411488
863,CANUDOS,2906824,BAHIA,1,2.90728028540635,0.265114097073913
864,BERIZAL,3106655,MINAS GERAIS,1,1.12218956055232,0.0412022498028921
865,CLARO DOS POÇÕES,3116506,MINAS GERAIS,1,2.0080995576223,0.0611541414131842
866,COMERCINHO,3117009,MINAS GERAIS,1,1.21155349278301,0.0553753603464899
867,NOVO HORIZONTE,2923035,BAHIA,1,1.02011857044199,0.0507261384290178
868,OLIVEIRA DOS BREJINHOS,2923209,BAHIA,1,2.96990927136357,0.275326619905762
869,OUROLÂNDIA,2923357,BAHIA,1,1.58329899304377,0.123129722280034
870,PALMAS DE MONTE ALTO,2923407,BAHIA,2,2.33381663453485,0.214572372780652
871,PARAMIRIM,2923605,BAHIA,1,1.98389055593287,0.0907652267058005
872,PARATINGA,2923704,BAHIA,1,2.68247824527008,0.218384486070618
873,ESPINOSA,3124302,MINAS GERAIS,1,3.13779920309095,0.156951903031726
874,FELÍCIO DOS SANTOS,3125408,MINAS GERAIS,1,0.93961563300473,0.0305322057662654
875,FELISBURGO,3125606,MINAS GERAIS,1,1.48191040829535,0.0504976566397463
876,TREMEDAL,2931806,BAHIA,1,2.52134216267294,0.16967519578164
877,TUCANO,2931905,BAHIA,1,2.15827883140605,0.231540512516731
878,UAUÁ,2932002,BAHIA,1,2.34963703273759,0.250216749825976
879,UIBAÍ,2932408,BAHIA,1,1.10953385099373,0.0456370893924695
880,UMBURANAS,2932457,BAHIA,1,2.54122502640501,0.137984533458177
881,ITINGA,3134004,MINAS GERAIS,1,2.15035794226329,0.139683186757916
882,BOCAIÚVA,3107307,MINAS GERAIS,1,6.1068093188062,0.274298184605406
883,POÇO REDONDO,2805406,SERGIPE,1,1.42857278186802,0.101557112733322
884,PORTO DA FOLHA,2805604,SERGIPE,1,1.43564378332737,0.0723247205060676
885,ABAÍRA,2900108,BAHIA,1,1.3729831713894,0.0442340417061323
886,ABARÉ,2900207,BAHIA,1,1.68668016815421,0.122033161145818
887,ÉRICO CARDOSO,2900504,BAHIA,1,1.29064416881569,0.0641235762984682
888,FRANCISCO BADARÓ,3126505,MINAS GERAIS,1,1.2654035139,0.0391432531105647
889,FRANCISCO DUMONT,3126604,MINAS GERAIS,1,2.3439363190991,0.134076143358702
890,FRANCISCO SÁ,3126703,MINAS GERAIS,1,2.78654604339132,0.232404293752347
891,NINHEIRA,3144656,MINAS GERAIS,1,1.7088183709524,0.0932883505412697
892,NOVA PORTEIRINHA,3145059,MINAS GERAIS,1,0.634597920631261,0.0101980264223957
893,NOVO CRUZEIRO,3145307,MINAS GERAIS,1,2.14502183747208,0.144790482125033
894,NOVORIZONTE,3145372,MINAS GERAIS,1,0.975238569959925,0.0229549986847411
895,JAÍBA,3135050,MINAS GERAIS,1,3.33122141578855,0.220930476660654
896,JANAÚBA,3135100,MINAS GERAIS,1,2.89488233686867,0.183989732921193
897,JANUÁRIA,3135209,MINAS GERAIS,1,6.51853088102282,0.560619684062521
898,JENIPAPO DE MINAS,3135456,MINAS GERAIS,1,0.988358650152961,0.0241587343445763
899,JEQUITAÍ,3135605,MINAS GERAIS,1,2.0304600819867,0.107753266354548
900,SÃO JOÃO DA PONTE,3162401,MINAS GERAIS,1,2.54961117557261,0.156217111883107
901,SÃO JOÃO DO PARAÍSO,3162708,MINAS GERAIS,1,2.65689921501072,0.162065310529644
902,AMÉRICA DOURADA,2901155,BAHIA,1,1.44924916732954,0.0693936929147946
903,ANAGÉ,2901205,BAHIA,1,2.18668402648789,0.112089844785709
904,ANDORINHA,2901353,BAHIA,2,1.80459282196809,0.102970626184461
905,ARACATU,2902005,BAHIA,1,2.41184264342199,0.124837626841392
906,BARRA,2902708,BAHIA,1,5.48758433519645,0.94502108066974
907,BARRA DO MENDES,2903003,BAHIA,1,1.96149565596647,0.122763660911672
908,PADRE CARVALHO,3146255,MINAS GERAIS,1,1.2869124344376,0.0377388743323866
909,PONTO BELO,3204252,ESPÍRITO SANTO,1,1.1265541196926,0.0308121217908171
910,RIO NOVO DO SUL,3204401,ESPÍRITO SANTO,1,0.908940826070311,0.0177318740160318
911,SANTA TERESA,3204609,ESPÍRITO SANTO,1,1.51998732899039,0.0589257259480367
912,SÃO GABRIEL DA PALHA,3204708,ESPÍRITO SANTO,1,1.2416176060194,0.0373030659774302
913,SÃO MATEUS,3204906,ESPÍRITO SANTO,1,2.83917067854004,0.200370657797634
914,SÃO ROQUE DO CANAÃ,3204955,ESPÍRITO SANTO,1,0.924839673183924,0.0294708776917642
915,VARGEM ALTA,3205036,ESPÍRITO SANTO,1,1.62546121769972,0.0358504288567203
916,RIACHO DOS MACHADOS,3154507,MINAS GERAIS,1,2.672433324071,0.111099303224502
917,RIO PARDO DE MINAS,3155603,MINAS GERAIS,1,3.15679274053388,0.262832765785415
918,CARAÍBAS,2906899,BAHIA,1,2.16555592933753,0.0675842121015912
919,CARINHANHA,2907103,BAHIA,2,3.0960755237403,0.211639705996581
920,CASA NOVA,2907202,BAHIA,1,4.29847069087819,0.793774289875799
921,CATURAMA,2907558,BAHIA,1,1.2788424824045,0.0597343127734476
922,CENTRAL,2907608,BAHIA,1,1.07411262689361,0.0498582140782896
923,CHORROCHÓ,2907707,BAHIA,1,2.7903791818303,0.247303481664164
924,COCOS,2908101,BAHIA,1,6.66210009017043,0.85020381291865
925,CONDEÚBA,2908705,BAHIA,1,2.20013070424908,0.113270768117411
926,CONTENDAS DO SINCORÁ,2908804,BAHIA,1,1.66267204053383,0.0817201817418819
927,CORDEIROS,2909000,BAHIA,1,1.27562292736837,0.0440104334579317
928,CORIBE,2909109,BAHIA,2,3.03366293093376,0.222128201320012
929,CORONEL JOÃO SÁ,2909208,BAHIA,1,1.54807031639735,0.0729150668053188
930,VENDA NOVA DO IMIGRANTE,3205069,ESPÍRITO SANTO,1,0.83980660348346,0.0160848293986094
931,PIATÃ,2924306,BAHIA,1,1.70463308179101,0.151387276250188
932,PILÃO ARCADO,2924405,BAHIA,1,5.59898974940715,0.967415804747801
933,PINDAÍ,2924504,BAHIA,1,1.18546264286953,0.0526869996725525
934,PINTADAS,2924652,BAHIA,1,0.949532598902951,0.0452684913882121
935,PIRIPÁ,2924702,BAHIA,1,1.21215865214965,0.0430043081192909
936,PIRITIBA,2924801,BAHIA,1,1.50014963596712,0.0808924508845802
937,PLANALTO,2925006,BAHIA,1,1.47109375543305,0.0694962552147782
938,POÇÕES,2925105,BAHIA,1,1.70162091676001,0.0785965600058234
939,BOM JESUS DO ITABAPOANA,3300605,RIO DE JANEIRO,1,2.02676995286348,0.0520628460469966
940,UTINGA,2932804,BAHIA,1,1.21213806172826,0.0529879394339093
941,BRASÍLIA DE MINAS,3108602,MINAS GERAIS,1,2.14172475605247,0.118298371944541
942,BUENÓPOLIS,3109204,MINAS GERAIS,1,2.93371491199651,0.1364002950277
943,VÁRZEA DA PALMA,3170800,MINAS GERAIS,1,3.33703461310759,0.188898597531637
944,VARZELÂNDIA,3170909,MINAS GERAIS,1,1.50412819929247,0.0686902479786016
945,VERDELÂNDIA,3171030,MINAS GERAIS,1,2.07888995928618,0.132309085321595
946,VIRGEM DA LAPA,3171600,MINAS GERAIS,1,1.87321442733369,0.0736243366016398
947,ALEGRE,3200201,ESPÍRITO SANTO,1,1.73750206523961,0.0669425150819184
948,PRESIDENTE DUTRA,2925600,BAHIA,1,0.671162506120093,0.0135418359221807
949,PRESIDENTE JÂNIO QUADROS,2925709,BAHIA,1,1.67927992324992,0.0964814523360343
950,RAFAEL JAMBEIRO,2925956,BAHIA,1,1.77134047634341,0.100383451693571
951,FRUTA DE LEITE,3127073,MINAS GERAIS,1,1.62284425681627,0.0644408252397221
952,GAMELEIRAS,3127339,MINAS GERAIS,1,2.1039003412923,0.145624323830516
953,GLAUCILÂNDIA,3127354,MINAS GERAIS,1,0.647129827403717,0.0123709681633477
954,GRÃO MOGOL,3127800,MINAS GERAIS,1,4.35296393463795,0.328787238549722
955,VITÓRIA DA CONQUISTA,2933307,BAHIA,1,3.31444854637496,0.311220025072034
956,WAGNER,2933406,BAHIA,1,0.76008181307565,0.0349765176522607
957,XIQUE-XIQUE,2933604,BAHIA,1,5.1019050543263,0.43022102167395
958,JEQUITINHONHA,3135803,MINAS GERAIS,1,3.43952953932167,0.297273177078226
959,JOAÍMA,3136009,MINAS GERAIS,1,2.4093211702595,0.141049050438674
960,JOSÉ GONÇALVES DE MINAS,3136520,MINAS GERAIS,1,0.911342573527972,0.0323414679322326
961,SÃO ROMÃO,3164209,MINAS GERAIS,1,3.11622151281061,0.205896633624996
962,GUARACIAMA,3128253,MINAS GERAIS,1,1.04157191785605,0.0331296429071055
963,PAI PEDRO,3146552,MINAS GERAIS,1,2.04178037067495,0.0707070737027789
964,PATIS,3147956,MINAS GERAIS,1,0.949036931976915,0.0375177544719479
965,JURAMENTO,3136801,MINAS GERAIS,1,1.17742149838102,0.0365959507608515
966,JUVENÍLIA,3136959,MINAS GERAIS,1,2.45198738234479,0.0892226658836301
967,LADAINHA,3137007,MINAS GERAIS,1,1.64087115222126,0.0737544992805117
968,LAGOA DOS PATOS,3137304,MINAS GERAIS,1,1.56691211966016,0.0509619389346317
969,RUBELITA,3156502,MINAS GERAIS,1,1.92510987522233,0.0939114161123611
970,PEDRA AZUL,3148707,MINAS GERAIS,1,2.17675451841483,0.134605369463224
971,SALINAS,3157005,MINAS GERAIS,1,2.70891408600336,0.15945722072112
972,CRISÓPOLIS,2909604,BAHIA,1,1.08428885799384,0.0503524727439382
973,CURAÇÁ,2909901,BAHIA,1,3.87487261446248,0.500164753189519
974,DOM BASÍLIO,2910107,BAHIA,1,1.17867415031583,0.0575786088010851
975,FEIRA DA MATA,2910776,BAHIA,1,1.8269839705833,0.0984512389829995
976,FORMOSA DO RIO PRETO,2911105,BAHIA,1,5.62773204702678,1.34878703654271
977,GENTIO DO OURO,2911303,BAHIA,1,3.0750510108856,0.306476518531268
978,ITATIM,2916856,BAHIA,1,1.064671080584,0.0485615649908418
979,ITUAÇU,2917201,BAHIA,1,1.9658840950366,0.100277084363933
980,IUIÚ,2917334,BAHIA,2,1.85225916329295,0.127620019825054
981,JACARACI,2917409,BAHIA,1,2.03998207205913,0.111856060845064
982,JOÃO DOURADO,2918357,BAHIA,1,1.28076673334583,0.0757348445326283
983,JUAZEIRO,2918407,BAHIA,1,3.53395016040775,0.535336589664405
984,REMANSO,2926004,BAHIA,1,3.01578346465096,0.385742000495066
985,RIACHO DE SANTANA,2926400,BAHIA,1,2.87744155127896,0.265966758502227
986,RIO DE CONTAS,2926707,BAHIA,1,2.2896632823785,0.0894547941298042
987,RIO DO ANTÔNIO,2926806,BAHIA,1,1.22882991515427,0.065167935580241
988,RIO DO PIRES,2926905,BAHIA,1,1.6193623111079,0.0547067346105247
989,RUY BARBOSA,2927200,BAHIA,1,2.97519035959693,0.180412146088208
990,ÁGUAS VERMELHAS,3101003,MINAS GERAIS,2,2.36808335624793,0.106157933022267
991,CAMPO AZUL,3111150,MINAS GERAIS,1,1.59063936567758,0.0428217331589927
992,CAPELINHA,3112307,MINAS GERAIS,1,2.2114614871901,0.0822195800972279
993,CAPITÃO ENÉAS,3112703,MINAS GERAIS,2,2.19437813754668,0.0820839195412645
994,IBIAÍ,3129608,MINAS GERAIS,1,1.83596500777632,0.0741626715598565
995,ICARAÍ DE MINAS,3130051,MINAS GERAIS,1,1.48673346232333,0.0528826925748437
996,ALMENARA,3101706,MINAS GERAIS,1,2.92609681354503,0.193802750281244
997,CACHOEIRA DE PAJEÚ,3102704,MINAS GERAIS,1,1.45955318193558,0.0587258827395615
998,LASSANCE,3138104,MINAS GERAIS,1,3.36622250812002,0.273180876289854
999,LONTRA,3138658,MINAS GERAIS,1,0.837216220239718,0.0218412121923565
1000,PEDRAS DE MARIA DA CRUZ,3149150,MINAS GERAIS,1,2.72143481797008,0.128563823353401
1001,LUISLÂNDIA,3138682,MINAS GERAIS,2,1.04023955254079,0.0347941466960794
1002,MAMONAS,3139250,MINAS GERAIS,1,0.839411103113884,0.0244910099877731
1003,MANGA,3139300,MINAS GERAIS,1,2.65105627708653,0.163617788966023
1004,SERRANÓPOLIS DE MINAS,3166956,MINAS GERAIS,1,1.45928560395374,0.0465685260922837
1005,SERRO,3167103,MINAS GERAIS,1,2.30873968328862,0.104208774290617
1006,TAIOBEIRAS,3168002,MINAS GERAIS,1,1.66776919443713,0.100765594887165
1007,GUAJERU,2911659,BAHIA,1,1.31423443480758,0.0762061635202992
1008,GUANAMBI,2911709,BAHIA,1,1.74542170166885,0.10654196815207
1009,IAÇU,2911907,BAHIA,1,2.20173504751632,0.204109087821761
1010,IBIASSUCÊ,2912004,BAHIA,1,1.00660957030133,0.0404824813404576
1011,PINTÓPOLIS,3150570,MINAS GERAIS,1,1.8234612806516,0.103766034385944
1012,IBIPEBA,2912400,BAHIA,1,2.12257909319865,0.114667593430237
1013,IBIPITANGA,2912509,BAHIA,1,1.41694471007289,0.0794760984738543
1014,IBITIARA,2913002,BAHIA,1,2.10414516173904,0.151746541376195
1015,IBITITÁ,2913101,BAHIA,1,1.09935500658218,0.0516432802321434
1016,IBOTIRAMA,2913200,BAHIA,1,2.54592591734391,0.144461645577743
1017,IGAPORÃ,2913408,BAHIA,1,1.55727160913618,0.0699501281842557
1018,MATINA,2921054,BAHIA,2,1.17131463635926,0.0646532945073692
1019,MIRANGABA,2921401,BAHIA,1,2.2346859208787,0.140355086072475
1020,MIRANTE,2921450,BAHIA,1,2.04153404275672,0.0981951907882143
1021,MORPARÁ,2921609,BAHIA,1,2.15227993164941,0.173408379214252
1022,DIVISA ALEGRE,3122355,MINAS GERAIS,1,0.504805467206469,0.00993137113417287
1023,SANTO ESTÊVÃO,2928802,BAHIA,1,0.895343472492706,0.030180726514704
1024,SÃO GABRIEL,2929255,BAHIA,1,1.52671867501621,0.099246269029966
1025,ARAÇUAÍ,3103405,MINAS GERAIS,1,2.87115526308092,0.189693420905269
1026,ARICANDUVA,3104452,MINAS GERAIS,1,1.02208844868385,0.0207454089759498
1027,ARINOS,3104502,MINAS GERAIS,1,4.43519088965574,0.445200862280795
1028,MONTALVÂNIA,3142700,MINAS GERAIS,1,2.00450670252488,0.126067866361595
1029,MONTE AZUL,3142908,MINAS GERAIS,1,2.06546340683069,0.0836262813085528
1030,MONTEZUMA,3143450,MINAS GERAIS,1,1.6802202164455,0.0950742269033287
1031,SEBASTIÃO LARANJEIRAS,2930006,BAHIA,1,2.39385350165596,0.166442909332946
1032,SERRA DO RAMALHO,2930154,BAHIA,2,2.25211691780547,0.1955291367051
1033,SENTO SÉ,2930204,BAHIA,1,6.55186554418854,1.04756443030952
1034,ITACAMBIRA,3132008,MINAS GERAIS,1,2.37471700164307,0.151708995382628
1035,MARILÂNDIA,3203353,ESPÍRITO SANTO,1,1.03116163486143,0.026582373366284
1036,ITAMBACURI,3132701,MINAS GERAIS,2,2.56469424790651,0.121183820803325
1037,ITAOBIM,3133303,MINAS GERAIS,1,1.31446809104643,0.0574958081222473
1038,PIRAPORA,3151206,MINAS GERAIS,1,1.13014517912677,0.0467262368287653
1039,PORTEIRINHA,3152204,MINAS GERAIS,1,3.37243241673938,0.147522082400509
1040,SANTO ANTÔNIO DO RETIRO,3160454,MINAS GERAIS,1,1.53038251258637,0.067002270853373
1041,SANTO HIPÓLITO,3160603,MINAS GERAIS,1,1.43940317618926,0.0368207851404472
1042,SÃO FRANCISCO,3161106,MINAS GERAIS,1,3.27354974522109,0.279159414035365
1043,TURMALINA,3169703,MINAS GERAIS,1,2.45975823623745,0.097973734641386
1044,UBAÍ,3170008,MINAS GERAIS,1,1.6548240502457,0.0694006970685293
1045,URUCUIA,3170529,MINAS GERAIS,1,2.70683709073252,0.175378989218948
1046,IPECAETÁ,2913804,BAHIA,1,0.863458768536314,0.0307382251947689
1047,IPUPIARA,2914109,BAHIA,1,1.53696922720143,0.0875825191670308
1048,IRAMAIA,2914307,BAHIA,1,2.24019594500243,0.16256927648597
1049,CRISTÁLIA,3120300,MINAS GERAIS,1,1.57831015390084,0.0712349770166486
1050,ATILIO VIVACQUA,3200706,ESPÍRITO SANTO,1,0.788143358717374,0.0194064072672014
1051,BAIXO GUANDU,3200805,ESPÍRITO SANTO,1,2.49774811959285,0.0789527364812557
1052,BARRA DE SÃO FRANCISCO,3200904,ESPÍRITO SANTO,1,2.41047666493742,0.0806498107974015
1053,BOA ESPERANÇA,3201001,ESPÍRITO SANTO,1,1.3434750224455,0.0366561218860276
1054,CACHOEIRO DE ITAPEMIRIM,3201209,ESPÍRITO SANTO,1,1.89609007329952,0.0761734794856759
1055,CASTELO,3201407,ESPÍRITO SANTO,1,1.67783618322713,0.0575208390037306
1056,COLATINA,3201506,ESPÍRITO SANTO,1,2.57546862605616,0.121914209135523
1057,DOMINGOS MARTINS,3201902,ESPÍRITO SANTO,1,2.40572828841912,0.106235093950914
1058,ECOPORANGA,3202108,ESPÍRITO SANTO,1,3.37241051263164,0.195259242806905
1059,GOVERNADOR LINDENBERG,3202256,ESPÍRITO SANTO,1,1.11764073783691,0.0309235242747874
1060,MATIAS CARDOSO,3140852,MINAS GERAIS,1,2.40867194672824,0.163767199639737
1061,MATO VERDE,3141009,MINAS GERAIS,1,1.25383713396265,0.039761610530751
1062,MEDINA,3141405,MINAS GERAIS,1,2.43689667192113,0.121393595817455
1063,MINAS NOVAS,3141801,MINAS GERAIS,1,2.31213578809437,0.154085589555695
1064,MIRABELA,3142007,MINAS GERAIS,1,1.39405569715384,0.0611435701794761
1065,MIRAVÂNIA,3142254,MINAS GERAIS,1,1.14129567037779,0.0505412136349621
1066,JUSSARA,2918506,BAHIA,1,1.2891909708723,0.0784549270407088
1067,JUSSIAPE,2918605,BAHIA,1,1.48682373567063,0.0486441836317937
1068,LAGOA REAL,2918753,BAHIA,1,1.44404995554792,0.0763340744090603
1069,LAJEDINHO,2919009,BAHIA,1,1.38832966913203,0.0645116919127075
1070,LAPÃO,2919157,BAHIA,1,1.08202452191398,0.0501379725503281
1071,LICÍNIO DE ALMEIDA,2919405,BAHIA,1,1.51537068615934,0.0718494789623449
1072,LIVRAMENTO DE NOSSA SENHORA,2919504,BAHIA,1,2.50138750277811,0.163294620808654
1073,MACAÚBAS,2919801,BAHIA,1,2.45564192598798,0.204984078903511
1074,MACURURÉ,2919900,BAHIA,1,2.35722298136472,0.18879646461089
1075,CRISÓLITA,3120151,MINAS GERAIS,1,1.86287492579215,0.0820911484283481
1076,ITAGUAÇU,3202702,ESPÍRITO SANTO,1,1.42865872309334,0.0458018270469153
1077,ITARANA,3202900,ESPÍRITO SANTO,1,0.887155197151006,0.0257807194519513
1078,JAGUARÉ,3203056,ESPÍRITO SANTO,1,1.56176708987044,0.056590171968509
1079,MAETINGA,2919959,BAHIA,1,1.16165897350084,0.0528673080153108
1080,MALHADA,2920205,BAHIA,2,3.28959520547297,0.165113848980026
1081,MALHADA DE PEDRAS,2920304,BAHIA,1,0.929990009825118,0.0460449547028722
1082,MANOEL VITORINO,2920403,BAHIA,1,2.60761649994237,0.178933111621353
1083,MARACÁS,2920502,BAHIA,1,2.43446517719413,0.188111068387793
1084,MARCIONÍLIO SOUZA,2920809,BAHIA,1,1.66801508410851,0.106483365668723
1085,BARRO ALTO,2903235,BAHIA,1,1.04111881020569,0.0345526594912406
1086,BELO CAMPO,2903508,BAHIA,1,1.75188520223377,0.0649355211276317
1087,BOA VISTA DO TUPIM,2903805,BAHIA,1,2.47655409623912,0.234036731245781
1088,BOM JESUS DA LAPA,2903904,BAHIA,1,4.11795285089299,0.343289814156381
1089,BOM JESUS DA SERRA,2903953,BAHIA,1,1.08766909783403,0.0392038551011918
1090,BONITO,2904050,BAHIA,1,1.16510463594423,0.06031035341621
1091,BOQUIRA,2904100,BAHIA,1,1.72219123512686,0.118716947475645
1092,BOTUPORÃ,2904209,BAHIA,1,0.988512330133232,0.0523614969352895
1093,BROTAS DE MACAÚBAS,2904506,BAHIA,1,3.19150849953123,0.202163048859986
1094,BRUMADO,2904605,BAHIA,1,2.92542033517867,0.184826677598698
1095,BURITIRAMA,2904753,BAHIA,1,2.63072717502122,0.325650553597587
1096,CANDIOTA,4304358,RIO GRANDE DO SUL,1,2.00563564395568,0.0887032438490543
1097,CANGUÇU,4304507,RIO GRANDE DO SUL,1,3.52781638432331,0.333686271009831
1098,CRISTAL,4306056,RIO GRANDE DO SUL,1,1.99112549528282,0.0643801901827225
1099,HERVAL,4307104,RIO GRANDE DO SUL,1,2.73482307239392,0.167802294027635
1100,ARROIO GRANDE,4301305,RIO GRANDE DO SUL,1,3.53814272343611,0.240381382902121
1101,MORRO REDONDO,4312450,RIO GRANDE DO SUL,1,0.850367139271954,0.0232584733438057
1102,SANTA VITÓRIA DO PALMAR,4317301,RIO GRANDE DO SUL,1,4.8254188224788,0.50692669981741
1103,CERRITO,4305124,RIO GRANDE DO SUL,1,1.19954132990736,0.0429853121512166
1104,JAGUARÃO,4311007,RIO GRANDE DO SUL,1,2.31948620186332,0.196936025056196
1105,PEDRAS ALTAS,4314175,RIO GRANDE DO SUL,1,2.20524074669291,0.131228356709789
1106,PEDRO OSÓRIO,4314209,RIO GRANDE DO SUL,1,1.23209725709894,0.0580765037355478
